w_abx,patient,thompson,ucb1,thompson_contextual
0.2,1,0.154,0.048,0.16
0.2,2,0.455,0.175,0.48
0.2,3,0.403,0.143,0.426
0.2,4,0.497,0.53,0.506
0.2,5,0.445,0.731,0.672
0.2,6,0.472,1.152,0.705
0.2,7,0.487,1.127,0.718
0.2,8,0.621,1.214,0.851
0.2,9,0.522,1.168,0.738
0.2,10,0.596,1.236,0.624
0.2,11,0.75,1.19,0.597
0.2,12,0.898,1.125,0.557
0.2,13,0.812,1.245,0.684
0.2,14,1.133,1.773,1.003
0.2,15,1.127,1.794,1.03
0.2,16,1.002,2.022,1.11
0.2,17,0.936,2.169,1.25
0.2,18,1.424,2.197,1.523
0.2,19,1.745,2.311,1.442
0.2,20,1.846,2.392,1.742
0.2,21,1.961,2.347,2.075
0.2,22,2.095,2.241,2.215
0.2,23,1.996,2.122,2.322
0.2,24,2.103,2.403,2.435
0.2,25,2.098,2.41,2.448
0.2,26,2.239,2.525,2.608
0.2,27,2.253,2.512,2.621
0.2,28,2.241,2.467,2.614
0.2,29,2.161,2.595,2.754
0.2,30,2.122,2.536,2.934
0.2,31,2.27,2.677,2.887
0.2,32,2.358,3.004,3.026
0.2,33,2.985,3.632,3.253
0.2,34,3.093,3.933,3.379
0.2,35,3.22,3.867,3.532
0.2,36,3.141,3.981,3.679
0.2,37,3.122,3.969,3.652
0.2,38,3.277,4.077,3.778
0.2,39,3.611,4.197,3.678
0.2,40,3.653,4.226,3.698
0.2,41,3.807,4.173,3.651
0.2,42,3.755,4.114,3.578
0.2,43,3.776,4.129,3.617
0.2,44,3.843,4.17,3.697
0.2,45,4.064,4.617,3.537
0.2,46,4.392,4.711,3.85
0.2,47,4.386,4.886,4.03
0.2,48,4.294,4.98,4.15
0.2,49,4.254,5.134,4.123
0.2,50,4.375,5.022,4.016
0.2,51,4.576,5.209,4.182
0.2,52,4.604,5.237,4.162
0.2,53,4.525,5.158,4.102
0.2,54,4.546,5.166,4.122
0.2,55,4.56,5.18,4.128
0.2,56,4.528,5.301,4.054
0.2,57,4.842,5.615,4.167
0.2,58,4.77,5.729,4.307
0.2,59,5.09,5.83,4.427
0.2,60,5.091,5.825,4.447
0.2,61,5.186,6.345,4.353
0.2,62,5.333,6.44,4.293
0.2,63,5.488,6.547,4.433
0.2,64,5.442,6.522,4.4
0.2,65,5.429,6.536,4.413
0.2,66,5.317,6.617,4.506
0.2,67,5.458,6.931,4.633
0.2,68,5.472,6.966,4.652
0.2,69,5.473,7.133,4.619
0.2,70,5.827,7.061,4.759
0.2,71,5.935,7.355,4.852
0.2,72,5.889,7.329,4.831
0.2,73,5.804,7.617,4.918
0.2,74,5.951,7.571,4.878
0.2,75,6.112,7.725,4.864
0.2,76,6.093,7.68,4.851
0.2,77,6.227,7.761,4.951
0.2,78,6.155,7.708,4.89
0.2,79,6.176,7.716,4.923
0.2,80,6.61,7.703,5.15
0.2,81,6.778,7.884,5.316
0.2,82,6.592,7.706,5.369
0.2,83,6.52,8.013,5.482
0.2,84,6.52,7.982,5.463
0.2,85,6.481,7.942,5.636
0.2,86,6.482,8.117,5.589
0.2,87,6.543,8.371,6.089
0.2,88,6.631,8.685,6.588
0.2,89,6.718,8.76,6.895
0.2,90,6.566,8.82,6.968
0.2,91,6.46,8.735,6.894
0.2,92,6.488,8.709,6.921
0.2,93,6.356,9.003,7.021
0.2,94,6.203,8.851,7.054
0.2,95,6.144,8.798,7.014
0.2,96,6.139,8.939,7.213
0.2,97,6.44,8.834,7.093
0.2,98,6.447,8.868,7.126
0.2,99,6.448,8.829,7.126
0.2,100,6.449,8.803,7.146
0.2,101,6.59,8.937,7.279
0.2,102,6.751,9.072,7.432
0.2,103,6.785,9.526,7.898
0.2,104,7.1,9.834,8.025
0.2,105,7.387,10.121,8.565
0.2,106,7.255,10.182,9.238
0.2,107,7.342,10.063,9.118
0.2,108,7.93,10.657,9.524
0.2,109,7.891,10.798,9.511
0.2,110,8.052,10.719,9.684
0.2,111,7.92,11.0,9.97
0.2,112,8.134,11.601,10.21
0.2,113,8.101,11.602,10.23
0.2,114,8.236,11.936,10.383
0.2,115,8.33,12.017,10.689
0.2,116,8.524,11.991,10.656
0.2,117,8.798,12.059,10.709
0.2,118,8.826,12.447,10.709
0.2,119,8.807,12.608,10.682
0.2,120,8.775,12.549,10.655
0.2,121,8.909,12.683,10.788
0.2,122,8.796,12.744,10.842
0.2,123,8.951,12.685,10.782
0.2,124,8.932,12.673,10.748
0.2,125,9.066,12.607,10.708
0.2,126,9.094,12.621,10.688
0.2,127,9.034,12.569,10.621
0.2,128,9.282,12.61,10.7
0.2,129,9.383,12.917,10.994
0.2,130,9.371,12.898,10.967
0.2,131,9.238,13.359,11.226
0.2,132,9.346,13.66,11.346
0.2,133,9.5,13.801,11.306
0.2,134,9.688,13.962,11.479
0.2,135,9.849,14.076,11.432
0.2,136,9.99,14.171,11.579
0.2,137,10.004,14.152,11.565
0.2,138,10.318,14.446,11.665
0.2,139,10.759,14.661,11.898
0.2,140,10.953,14.628,12.078
0.2,141,10.901,14.969,12.011
0.2,142,11.055,14.91,12.184
0.2,143,10.996,15.004,12.097
0.2,144,11.11,15.092,12.171
0.2,145,11.258,15.02,12.324
0.2,146,11.239,14.968,12.318
0.2,147,11.186,14.916,12.304
0.2,148,11.314,15.416,12.231
0.2,149,11.315,15.371,12.19
0.2,150,11.309,15.352,12.177
0.2,151,11.464,15.279,12.323
0.2,152,11.611,15.207,12.263
0.2,153,11.645,15.194,12.296
0.2,154,11.94,15.482,12.416
0.2,155,11.874,15.823,12.356
0.2,156,11.888,15.857,12.382
0.2,157,11.836,15.958,12.289
0.2,158,12.11,16.052,12.182
0.2,159,12.278,16.0,12.328
0.2,160,12.225,15.914,12.288
0.2,161,12.333,15.795,12.221
0.2,162,12.327,15.75,12.201
0.2,163,12.248,15.864,12.321
0.2,164,12.396,16.171,12.467
0.2,165,12.403,16.179,12.447
0.2,166,12.391,16.153,12.433
0.2,167,12.418,16.161,12.427
0.2,168,12.579,16.268,12.56
0.2,169,12.72,16.196,12.479
0.2,170,12.881,16.144,12.413
0.2,171,12.989,16.445,12.499
0.2,172,13.03,16.446,12.519
0.2,173,12.971,16.353,12.645
0.2,174,13.298,16.234,12.732
0.2,175,13.253,16.349,12.871
0.2,176,13.187,16.276,13.004
0.2,177,13.181,16.277,13.044
0.2,178,13.262,16.545,12.911
0.2,179,13.436,16.712,13.084
0.2,180,13.457,16.707,13.09
0.2,181,13.319,16.941,13.337
0.2,182,13.487,17.302,13.67
0.2,183,13.341,17.59,13.736
0.2,184,13.469,17.491,13.843
0.2,185,13.463,17.472,13.842
0.2,186,13.551,17.539,14.322
0.2,187,13.458,17.841,14.249
0.2,188,13.446,17.815,14.275
0.2,189,13.294,17.863,14.741
0.2,190,13.322,17.871,14.775
0.2,191,13.449,17.965,15.101
0.2,192,13.443,17.94,15.267
0.2,193,13.584,18.034,15.42
0.2,194,13.572,18.002,15.62
0.2,195,13.653,18.056,15.5
0.2,196,13.587,17.958,15.426
0.2,197,13.588,18.119,15.44
0.2,198,13.722,18.246,15.359
0.2,199,13.79,18.694,15.439
0.2,200,13.698,18.801,15.332
0.2,201,13.738,18.656,15.419
0.2,202,13.879,18.603,15.772
0.2,203,14.0,18.731,15.905
0.2,204,14.101,18.845,16.218
0.2,205,14.069,18.793,16.171
0.2,206,14.416,18.947,16.337
0.2,207,14.391,18.955,16.337
0.2,208,14.405,18.962,16.35
0.2,209,14.473,19.03,16.423
0.2,210,14.587,18.931,16.53
0.2,211,14.708,18.878,16.496
0.2,212,14.629,18.806,16.436
0.2,213,14.776,19.154,16.769
0.2,214,14.957,19.295,16.936
0.2,215,14.985,19.302,16.955
0.2,216,15.119,19.59,16.928
0.2,217,15.167,19.597,16.948
0.2,218,15.041,19.658,17.015
0.2,219,15.082,19.679,17.054
0.2,220,14.963,19.74,17.341
0.2,221,15.09,19.634,17.254
0.2,222,15.025,19.782,17.22
0.2,223,15.086,20.03,17.307
0.2,224,14.987,20.151,17.267
0.2,225,15.221,20.591,17.306
0.2,226,15.515,20.452,17.193
0.2,227,15.683,20.613,17.379
0.2,228,15.63,20.768,17.592
0.2,229,15.772,20.682,17.752
0.2,230,15.779,20.85,17.972
0.2,231,15.673,21.131,17.912
0.2,232,15.954,21.378,17.805
0.2,233,15.955,21.526,17.991
0.2,234,16.256,22.013,18.318
0.2,235,16.43,22.354,18.497
0.2,236,16.738,22.222,18.617
0.2,237,16.759,22.236,18.657
0.2,238,16.713,22.137,18.597
0.2,239,16.681,22.091,18.603
0.2,240,16.622,22.019,18.55
0.2,241,16.776,21.987,18.549
0.2,242,16.79,21.941,18.742
0.2,243,16.571,21.729,18.935
0.2,244,16.599,21.743,18.949
0.2,245,16.873,21.63,19.022
0.2,246,16.821,21.558,18.981
0.2,247,16.702,21.599,19.041
0.2,248,16.669,21.773,19.041
0.2,249,17.03,22.107,19.207
0.2,250,17.158,22.208,19.334
0.2,251,17.165,22.183,19.334
0.2,252,17.586,22.584,19.533
0.2,253,17.734,22.511,19.7
0.2,254,17.655,22.419,19.64
0.2,255,17.689,22.413,19.659
0.2,256,17.65,22.354,19.652
0.2,257,17.644,22.522,19.826
0.2,258,17.479,22.936,20.272
0.2,259,17.413,22.857,20.398
0.2,260,17.36,22.991,20.338
0.2,261,17.448,22.912,20.258
0.2,262,17.576,23.04,20.364
0.2,263,17.617,23.074,20.391
0.2,264,17.644,23.088,20.411
0.2,265,17.672,23.103,20.437
0.2,266,17.939,23.364,20.924
0.2,267,17.947,23.371,20.937
0.2,268,18.048,23.485,20.857
0.2,269,18.116,23.566,20.75
0.2,270,18.276,23.914,20.903
0.2,271,18.164,24.008,21.003
0.2,272,18.232,24.069,21.102
0.2,273,18.199,24.023,21.095
0.2,274,18.527,24.318,21.395
0.2,275,18.488,24.279,21.368
0.2,276,18.449,24.24,21.555
0.2,277,18.643,24.421,21.562
0.2,278,18.624,24.581,21.735
0.2,279,18.812,24.549,21.935
0.2,280,18.686,24.59,22.008
0.2,281,18.661,24.584,22.008
0.2,282,18.562,24.472,21.921
0.2,283,18.67,24.779,22.048
0.2,284,18.971,25.08,22.147
0.2,285,18.932,25.041,22.141
0.2,286,18.833,24.942,22.254
0.2,287,18.727,25.037,22.167
0.2,288,18.995,25.117,22.247
0.2,289,18.922,25.285,22.427
0.2,290,19.083,25.426,22.573
0.2,291,19.158,25.494,23.046
0.2,292,19.052,25.815,22.966
0.2,293,19.093,26.056,22.833
0.2,294,19.254,26.231,22.799
0.2,295,19.295,26.459,22.833
0.2,296,19.529,26.713,22.873
0.2,297,19.85,26.834,23.179
0.2,298,19.992,26.795,23.112
0.2,299,19.913,26.736,23.279
0.2,300,20.107,26.737,23.258
0.2,301,20.095,26.904,23.251
0.2,302,20.236,27.059,23.411
0.2,303,20.437,27.233,23.418
0.2,304,20.484,27.254,23.444
0.2,305,20.605,27.142,23.771
0.2,306,20.686,27.362,23.81
0.2,307,20.687,27.33,23.79
0.2,308,20.668,27.464,23.777
0.2,309,20.702,27.692,23.843
0.2,310,20.77,27.946,24.149
0.2,311,20.765,27.927,24.349
0.2,312,20.666,28.008,24.676
0.2,313,20.68,28.016,24.702
0.2,314,20.881,27.984,24.695
0.2,315,20.855,27.944,24.668
0.2,316,20.87,27.919,24.881
0.2,317,20.891,27.966,24.901
0.2,318,21.072,27.981,24.928
0.2,319,21.013,27.935,25.061
0.2,320,20.9,27.836,25.167
0.2,321,20.868,27.83,25.187
0.2,322,21.076,27.998,25.387
0.2,323,21.19,28.312,25.32
0.2,324,21.224,28.326,25.339
0.2,325,21.506,28.407,25.626
0.2,326,21.48,28.375,25.612
0.2,327,21.755,28.636,25.679
0.2,328,21.829,28.884,25.545
0.2,329,21.983,29.024,25.898
0.2,330,21.897,29.125,26.005
0.2,331,22.092,29.1,26.004
0.2,332,22.019,29.241,25.964
0.2,333,21.927,29.148,26.071
0.2,334,21.841,29.269,26.197
0.2,335,22.435,29.843,26.777
0.2,336,22.85,29.844,26.603
0.2,337,22.764,30.125,26.516
0.2,338,22.732,30.04,26.856
0.2,339,22.773,30.054,26.883
0.2,340,22.66,29.955,26.796
0.2,341,22.634,29.929,26.802
0.2,342,22.922,30.223,26.722
0.2,343,23.17,30.278,26.795
0.2,344,23.204,30.305,26.841
0.2,345,23.525,30.399,26.795
0.2,346,23.659,30.527,26.734
0.2,347,23.927,30.341,27.001
0.2,348,23.974,30.762,27.034
0.2,349,23.935,30.87,26.947
0.2,350,23.976,30.864,26.993
0.2,351,23.997,30.818,27.006
0.2,352,23.958,30.779,27.0
0.2,353,24.086,31.067,27.113
0.2,354,24.387,31.368,27.439
0.2,355,24.641,31.649,27.746
0.2,356,24.555,31.583,27.879
0.2,357,24.443,31.691,28.006
0.2,358,24.357,31.992,27.926
0.2,359,24.392,32.006,27.952
0.2,360,24.339,32.12,27.892
0.2,361,24.36,31.881,27.885
0.2,362,24.648,31.723,27.959
0.2,363,24.742,32.017,28.286
0.2,364,24.776,32.018,28.319
0.2,365,24.944,31.992,28.525
0.2,366,24.918,31.993,28.511
0.2,367,24.846,31.901,28.458
0.2,368,25.187,32.028,28.618
0.2,369,25.188,31.976,28.604
0.2,370,25.189,31.95,28.611
0.2,371,25.37,32.331,28.384
0.2,372,25.498,32.459,28.491
0.2,373,25.979,32.713,28.39
0.2,374,25.846,32.574,28.47
0.2,375,25.72,32.822,28.35
0.2,376,25.841,32.923,28.443
0.2,377,25.769,32.857,28.389
0.2,378,25.777,33.018,28.569
0.2,379,25.898,33.312,28.849
0.2,380,25.885,33.306,28.822
0.2,381,26.206,33.401,28.969
0.2,382,26.334,33.522,29.082
0.2,383,26.295,33.496,29.055
0.2,384,26.229,33.637,29.194
0.2,385,26.243,33.664,29.228
0.2,386,26.157,33.619,29.194
0.2,387,26.092,33.54,29.12
0.2,388,26.006,33.647,29.227
0.2,389,25.954,33.582,29.367
0.2,390,26.094,33.496,29.52
0.2,391,26.095,33.483,29.52
0.2,392,26.016,33.404,29.453
0.2,393,26.024,33.405,29.512
0.2,394,26.032,33.56,29.492
0.2,395,25.892,33.6,29.565
0.2,396,26.047,33.748,29.532
0.2,397,25.988,33.689,29.491
0.2,398,25.862,33.59,29.385
0.2,399,26.163,33.524,29.304
0.2,400,26.424,33.592,29.204
0.2,401,26.891,33.679,29.657
0.2,402,26.839,33.847,30.03
0.2,403,26.893,33.895,30.077
0.2,404,27.161,33.769,29.963
0.2,405,27.408,33.85,30.01
0.2,406,27.496,34.144,29.909
0.2,407,27.577,34.078,29.842
0.2,408,27.858,34.173,29.896
0.2,409,27.972,34.494,30.009
0.2,410,27.94,34.661,30.215
0.2,411,27.921,34.622,30.175
0.2,412,28.275,34.536,30.355
0.2,413,28.223,34.664,30.521
0.2,414,28.17,34.772,30.461
0.2,415,28.304,34.673,30.621
0.2,416,28.239,34.78,30.58
0.2,417,28.18,35.088,30.54
0.2,418,28.134,35.002,30.493
0.2,419,28.248,35.096,30.6
0.2,420,28.382,35.231,30.733
0.2,421,28.363,35.212,30.733
0.2,422,28.444,35.653,30.606
0.2,423,28.652,35.84,31.019
0.2,424,28.593,35.774,30.972
0.2,425,28.78,35.715,31.158
0.2,426,28.928,35.657,31.318
0.2,427,28.902,35.831,31.331
0.2,428,29.41,35.739,31.864
0.2,429,29.571,35.706,31.831
0.2,430,29.692,35.861,31.997
0.2,431,29.733,35.888,32.004
0.2,432,29.734,35.856,32.003
0.2,433,29.781,36.103,32.076
0.2,434,29.769,36.098,32.069
0.2,435,29.67,36.159,31.976
0.2,436,29.677,36.126,31.996
0.2,437,29.778,36.587,32.302
0.2,438,29.906,36.675,32.409
0.2,439,29.82,36.982,32.495
0.2,440,29.968,37.29,32.828
0.2,441,29.989,37.738,32.888
0.2,442,29.903,37.632,32.781
0.2,443,29.811,37.54,33.074
0.2,444,30.018,37.727,33.281
0.2,445,30.173,37.862,33.414
0.2,446,30.127,37.802,33.367
0.2,447,30.141,37.81,33.4
0.2,448,30.102,38.104,33.346
0.2,449,30.07,38.025,33.286
0.2,450,30.004,37.973,33.226
0.2,451,29.945,38.087,33.379
0.2,452,29.866,38.375,33.492
0.2,453,29.86,38.529,33.512
0.2,454,29.854,38.53,33.552
0.2,455,30.189,38.824,33.652
0.2,456,30.203,39.012,33.645
0.2,457,30.098,38.866,33.504
0.2,458,30.079,39.047,33.704
0.2,459,30.273,39.015,33.871
0.2,460,30.561,39.476,34.184
0.2,461,30.562,39.636,34.19
0.2,462,30.523,39.564,34.15
0.2,463,30.444,39.678,34.07
0.2,464,30.465,39.686,34.116
0.2,465,30.486,39.66,34.123
0.2,466,30.493,39.669,34.369
0.2,467,30.521,39.69,34.402
0.2,468,30.435,39.637,34.348
0.2,469,30.823,39.811,34.722
0.2,470,31.077,40.266,34.741
0.2,471,31.064,40.247,34.728
0.2,472,31.025,40.201,34.894
0.2,473,31.066,40.228,34.914
0.2,474,31.067,40.216,35.1
0.2,475,31.022,40.15,35.04
0.2,476,31.016,40.145,35.013
0.2,477,30.99,40.119,35.2
0.2,478,30.931,40.233,35.126
0.2,479,30.965,40.234,35.159
0.2,480,31.253,40.522,35.472
0.2,481,31.574,40.403,35.419
0.2,482,31.468,40.304,35.339
0.2,483,31.329,40.378,35.618
0.2,484,31.337,40.392,35.651
0.2,485,31.464,40.5,35.565
0.2,486,31.425,40.414,35.718
0.2,487,31.419,40.448,35.764
0.2,488,31.407,40.616,35.977
0.2,489,31.615,40.597,35.957
0.2,490,31.589,40.745,35.95
0.2,491,31.55,40.899,36.11
0.2,492,31.457,41.18,36.396
0.2,493,31.678,41.161,36.583
0.2,494,31.679,41.142,36.596
0.2,495,31.714,41.163,36.636
0.2,496,31.734,41.197,36.649
0.2,497,31.629,41.251,36.702
0.2,498,31.996,41.619,36.881
0.2,499,32.111,41.52,37.001
0.2,500,32.265,41.694,36.961
0.2,501,32.246,41.662,36.974
0.2,502,32.193,41.803,36.914
0.2,503,32.228,41.824,36.954
0.2,504,32.382,41.738,37.12
0.2,505,32.31,41.825,37.24
0.2,506,32.21,41.913,37.34
0.2,507,32.192,42.047,37.327
0.2,508,32.713,42.128,37.234
0.2,509,32.687,42.269,37.181
0.2,510,32.675,42.257,37.194
0.2,511,32.616,42.378,37.334
0.2,512,32.57,42.319,37.247
0.2,513,32.771,42.473,37.233
0.2,514,32.672,42.367,37.333
0.2,515,32.786,42.841,37.439
0.2,516,32.961,42.969,37.606
0.2,517,33.155,43.13,37.606
0.2,518,33.329,43.064,37.572
0.2,519,33.37,43.065,37.619
0.2,520,33.411,43.086,37.658
0.2,521,33.392,43.027,37.632
0.2,522,33.306,43.108,37.505
0.2,523,33.474,43.222,37.451
0.2,524,33.402,43.55,37.404
0.2,525,33.703,44.017,37.304
0.2,526,33.65,43.912,37.237
0.2,527,33.698,43.946,37.324
0.2,528,33.912,43.927,37.31
0.2,529,33.933,43.941,37.343
0.2,530,34.088,44.089,37.31
0.2,531,34.248,44.07,37.303
0.2,532,34.263,44.077,37.309
0.2,533,34.27,44.038,37.302
0.2,534,34.365,44.113,37.182
0.2,535,34.3,44.228,37.102
0.2,536,34.427,44.129,37.015
0.2,537,34.588,44.283,36.995
0.2,538,34.576,44.264,36.968
0.2,539,34.623,44.298,37.034
0.2,540,34.824,44.252,37.227
0.2,541,34.679,44.287,37.494
0.2,542,34.62,44.214,37.44
0.2,543,34.547,44.309,37.573
0.2,544,34.522,44.416,37.514
0.2,545,34.476,44.737,37.493
0.2,546,34.691,44.931,37.487
0.2,547,34.705,44.939,37.486
0.2,548,34.579,45.027,37.353
0.2,549,34.487,44.941,37.279
0.2,550,34.428,44.895,37.432
0.2,551,34.429,44.883,37.412
0.2,552,34.57,45.004,37.365
0.2,553,34.591,45.011,37.412
0.2,554,34.625,45.026,37.451
0.2,555,34.612,45.193,37.618
0.2,556,34.887,45.481,37.524
0.2,557,34.901,45.502,37.544
0.2,558,34.902,45.469,37.537
0.2,559,35.044,45.404,37.483
0.2,560,34.985,45.311,37.437
0.2,561,35.012,45.292,37.476
0.2,562,35.006,45.44,37.444
0.2,563,34.887,45.687,37.303
0.2,564,35.102,45.662,37.476
0.2,565,35.216,45.963,37.396
0.2,566,35.263,45.97,37.443
0.2,567,35.378,46.284,37.362
0.2,568,35.412,46.285,37.375
0.2,569,35.426,46.293,37.402
0.2,570,35.514,46.181,37.268
0.2,571,35.441,46.295,37.401
0.2,572,35.402,46.222,37.341
0.2,573,35.21,46.41,37.148
0.2,574,35.544,46.924,37.467
0.2,575,35.752,47.092,37.454
0.2,576,35.733,47.053,37.654
0.2,577,35.82,47.32,37.74
0.2,578,35.775,47.448,37.693
0.2,579,35.796,47.436,37.733
0.2,580,35.877,47.503,37.599
0.2,581,35.864,47.477,37.579
0.2,582,35.905,47.478,37.592
0.2,583,36.019,47.759,37.679
0.2,584,36.32,47.827,37.552
0.2,585,36.335,47.828,37.578
0.2,586,36.309,47.795,37.558
0.2,587,36.296,47.73,37.498
0.2,588,36.264,47.717,37.458
0.2,589,36.252,47.705,37.471
0.2,590,36.273,47.679,37.457
0.2,591,36.433,47.793,37.804
0.2,592,36.608,47.948,37.803
0.2,593,36.622,48.115,37.804
0.2,594,36.623,48.283,37.784
0.2,595,36.624,48.457,37.783
0.2,596,36.511,48.545,37.87
0.2,597,36.706,48.739,38.076
0.2,598,36.64,48.82,38.003
0.2,599,36.501,48.894,38.109
0.2,600,36.555,48.735,38.335
0.2,601,36.709,48.703,38.302
0.2,602,36.691,48.904,38.295
0.2,603,36.792,49.011,38.415
0.2,604,36.766,49.166,38.401
0.2,605,36.794,49.18,38.421
0.2,606,36.941,49.114,38.594
0.2,607,36.936,49.115,38.594
0.2,608,37.057,49.236,38.734
0.2,609,37.111,49.27,38.76
0.2,610,37.185,49.118,38.847
0.2,611,37.299,49.206,38.98
0.2,612,37.494,49.407,39.2
0.2,613,37.801,49.528,39.299
0.2,614,37.769,49.495,39.272
0.2,615,37.703,49.616,39.386
0.2,616,37.877,49.737,39.539
0.2,617,37.865,49.685,39.505
0.2,618,37.793,49.613,39.818
0.2,619,37.767,49.807,39.798
0.2,620,37.708,49.742,39.731
0.2,621,37.642,49.669,39.651
0.2,622,37.643,49.67,39.651
0.2,623,37.591,49.858,40.004
0.2,624,37.511,49.825,39.97
0.2,625,37.539,49.873,40.043
0.2,626,37.447,49.794,40.176
0.2,627,37.348,49.888,40.296
0.2,628,37.575,50.082,40.496
0.2,629,37.589,50.103,40.516
0.2,630,37.564,50.045,40.656
0.2,631,37.732,49.986,40.836
0.2,632,37.759,49.98,40.895
0.2,633,37.714,49.888,40.849
0.2,634,37.668,50.015,40.808
0.2,635,37.596,50.136,40.768
0.2,636,37.583,50.104,40.755
0.2,637,37.584,50.098,40.901
0.2,638,37.839,50.119,41.154
0.2,639,37.847,50.313,41.18
0.2,640,37.794,50.261,41.147
0.2,641,37.829,50.282,41.2
0.2,642,37.93,50.569,41.1
0.2,643,37.877,50.511,41.04
0.2,644,37.892,50.705,41.059
0.2,645,37.859,50.646,41.206
0.2,646,38.14,50.907,41.699
0.2,647,38.295,51.061,41.879
0.2,648,38.329,51.075,41.898
0.2,649,38.456,51.169,41.838
0.2,650,38.384,51.097,42.191
0.2,651,38.338,51.051,42.151
0.2,652,38.373,51.286,41.971
0.2,653,38.313,51.46,41.924
0.2,654,38.648,51.627,42.064
0.2,655,38.589,51.582,42.21
0.2,656,38.756,51.923,42.363
0.2,657,38.831,51.991,42.643
0.2,658,38.879,51.819,42.876
0.2,659,38.847,51.773,42.829
0.2,660,39.028,51.761,42.823
0.2,661,39.009,51.748,42.829
0.2,662,39.203,51.736,42.796
0.2,663,39.15,51.877,42.769
0.2,664,39.325,51.818,42.709
0.2,665,39.286,51.979,42.708
0.2,666,39.32,52.379,42.748
0.2,667,39.534,52.567,42.768
0.2,668,39.728,52.521,42.754
0.2,669,39.836,52.789,43.054
0.2,670,39.804,52.71,43.007
0.2,671,39.878,52.977,43.1
0.2,672,39.812,53.332,43.053
0.2,673,39.8,53.306,43.233
0.2,674,39.947,53.64,43.413
0.2,675,39.968,53.635,43.433
0.2,676,40.096,53.709,43.559
0.2,677,39.997,53.97,43.692
0.2,678,39.991,53.938,43.705
0.2,679,39.912,54.019,43.612
0.2,680,39.966,54.053,43.671
0.2,681,40.587,54.64,43.905
0.2,682,40.782,54.595,44.051
0.2,683,40.816,54.576,44.091
0.2,684,40.963,54.703,44.037
0.2,685,40.851,55.164,43.93
0.2,686,40.699,55.026,44.011
0.2,687,40.82,55.153,44.124
0.2,688,40.961,55.301,44.077
0.2,689,41.075,55.782,44.163
0.2,690,41.203,55.71,44.263
0.2,691,41.377,55.704,44.436
0.2,692,41.565,55.658,44.583
0.2,693,41.472,55.559,44.876
0.2,694,41.387,55.847,44.975
0.2,695,41.475,55.916,45.043
0.2,696,41.449,56.063,44.989
0.2,697,41.577,56.211,44.935
0.2,698,41.571,56.192,44.935
0.2,699,41.565,56.386,45.155
0.2,700,41.567,56.374,45.142
0.2,701,41.468,56.275,45.262
0.2,702,41.395,56.369,45.388
0.2,703,41.389,56.363,45.388
0.2,704,41.484,56.431,45.681
0.2,705,41.538,56.725,45.947
0.2,706,41.746,56.686,45.947
0.2,707,41.746,56.86,45.947
0.2,708,41.787,56.901,45.993
0.2,709,41.722,56.856,45.953
0.2,710,41.636,56.756,45.853
0.2,711,41.61,56.731,45.826
0.2,712,41.738,57.052,46.152
0.2,713,42.046,56.966,46.079
0.2,714,42.207,57.12,46.232
0.2,715,42.154,57.048,46.218
0.2,716,42.102,56.982,46.385
0.2,717,42.189,57.277,46.485
0.2,718,42.157,57.424,46.438
0.2,719,42.285,57.518,46.384
0.2,720,42.279,57.499,46.604
0.2,721,42.273,57.514,46.637
0.2,722,42.367,57.601,46.55
0.2,723,42.515,57.729,46.51
0.2,724,42.423,58.01,46.61
0.2,725,42.59,58.124,46.763
0.2,726,42.738,58.225,46.903
0.2,727,42.719,58.133,46.882
0.2,728,42.906,58.26,47.462
0.2,729,42.907,58.234,47.449
0.2,730,42.862,58.175,47.608
0.2,731,42.896,58.17,47.641
0.2,732,43.077,58.304,47.621
0.2,733,43.071,58.478,47.621
0.2,734,43.032,58.426,47.627
0.2,735,43.013,58.393,47.64
0.2,736,43.334,58.681,47.554
0.2,737,43.675,58.829,47.714
0.2,738,43.609,58.956,48.047
0.2,739,43.743,59.11,48.013
0.2,740,43.691,59.045,47.966
0.2,741,43.685,59.219,47.979
0.2,742,43.666,59.2,47.952
0.2,743,43.627,59.134,48.112
0.2,744,43.601,59.075,48.065
0.2,745,43.596,59.236,48.058
0.2,746,43.49,59.49,48.125
0.2,747,43.377,59.358,48.391
0.2,748,43.392,59.386,48.411
0.2,749,43.266,59.46,48.497
0.2,750,43.22,59.601,48.657
0.2,751,43.441,59.622,48.704
0.2,752,43.449,59.609,48.71
0.2,753,43.45,59.584,48.73
0.2,754,43.551,60.078,48.836
0.2,755,43.465,60.019,48.809
0.2,756,43.572,59.913,48.942
0.2,757,43.567,59.867,48.942
0.2,758,43.441,59.908,49.015
0.2,759,43.422,59.882,49.028
0.2,760,43.523,60.363,49.355
0.2,761,43.437,60.445,49.261
0.2,762,43.371,60.346,49.588
0.2,763,43.526,60.28,49.908
0.2,764,43.56,60.314,49.941
0.2,765,43.541,60.295,49.92
0.2,766,43.522,60.296,50.12
0.2,767,43.489,60.477,50.08
0.2,768,43.477,60.651,50.093
0.2,769,43.398,60.959,50.226
0.2,770,43.3,61.08,50.339
0.2,771,43.234,61.221,50.306
0.2,772,43.562,61.528,50.64
0.2,773,43.543,61.509,50.606
0.2,774,43.65,61.843,50.573
0.2,775,43.551,61.918,50.466
0.2,776,43.679,61.812,50.386
0.2,777,43.6,61.92,50.292
0.2,778,43.441,61.767,50.125
0.2,779,43.496,62.015,50.379
0.2,780,43.737,62.049,50.212
0.2,781,43.885,61.99,50.153
0.2,782,44.092,62.165,50.352
0.2,783,44.033,62.279,50.472
0.2,784,44.008,62.433,50.445
0.2,785,43.896,62.301,50.512
0.2,786,44.264,62.242,50.658
0.2,787,44.305,62.276,50.718
0.2,788,44.459,62.61,50.871
0.2,789,44.367,62.518,50.764
0.2,790,44.355,62.512,50.777
0.2,791,44.303,62.466,50.704
0.2,792,44.444,62.834,50.857
0.2,793,44.405,62.782,51.017
0.2,794,44.526,62.869,51.13
0.2,795,44.38,62.71,51.01
0.2,796,44.628,63.111,51.063
0.2,797,44.635,63.105,51.082
0.2,798,44.516,63.16,50.969
0.2,799,44.57,63.187,51.042
0.2,800,44.911,63.268,51.175
0.2,801,45.046,63.202,51.555
0.2,802,45.047,63.19,51.595
0.2,803,44.947,63.264,51.488
0.2,804,44.888,63.199,51.648
0.2,805,44.889,63.213,51.654
0.2,806,44.877,63.154,51.594
0.2,807,44.818,63.081,51.54
0.2,808,44.832,63.262,51.54
0.2,809,44.78,63.21,51.526
0.2,810,44.927,63.344,51.473
0.2,811,45.008,63.605,51.579
0.2,812,44.976,63.746,51.752
0.2,813,45.023,63.987,51.805
0.2,814,45.131,64.095,52.132
0.2,815,45.012,64.169,52.078
0.2,816,44.98,64.123,52.265
0.2,817,44.954,64.464,52.238
0.2,818,44.888,64.579,52.338
0.2,819,44.922,64.8,52.178
0.2,820,44.917,64.76,52.351
0.2,821,44.838,65.048,52.271
0.2,822,45.005,64.996,52.237
0.2,823,45.18,64.97,52.224
0.2,824,45.147,64.971,52.21
0.2,825,45.508,65.112,52.156
0.2,826,45.503,65.286,52.356
0.2,827,45.537,65.314,52.416
0.2,828,45.524,65.481,52.396
0.2,829,45.632,65.769,52.716
0.2,830,45.733,65.67,52.622
0.2,831,45.781,65.697,52.675
0.2,832,45.748,65.845,52.828
0.2,833,45.789,65.826,52.655
0.2,834,45.95,66.167,52.641
0.2,835,46.058,66.288,52.581
0.2,836,46.059,66.289,52.581
0.2,837,46.226,66.216,52.374
0.2,838,46.247,66.237,52.434
0.2,839,46.235,66.198,52.42
0.2,840,46.176,66.332,52.573
0.2,841,46.09,66.413,52.487
0.2,842,46.004,66.701,52.393
0.2,843,46.019,66.682,52.379
0.2,844,46.146,66.616,52.533
0.2,845,46.047,66.49,52.632
0.2,846,45.915,66.531,52.692
0.2,847,45.762,66.559,52.545
0.2,848,45.857,66.427,52.652
0.2,849,46.218,66.754,52.611
0.2,850,46.352,66.882,52.958
0.2,851,46.346,66.863,52.971
0.2,852,46.247,66.757,52.891
0.2,853,46.261,66.965,52.89
0.2,854,46.583,67.066,53.017
0.2,855,46.564,67.053,53.011
0.2,856,46.685,66.948,53.117
0.2,857,46.672,66.949,53.157
0.2,858,46.713,66.976,53.176
0.2,859,46.607,66.877,53.07
0.2,860,46.542,66.818,53.209
0.2,861,46.523,66.786,53.176
0.2,862,46.524,66.787,53.356
0.2,863,46.545,66.814,53.182
0.2,864,46.719,66.968,53.122
0.2,865,46.713,66.949,53.128
0.2,866,46.607,67.064,53.055
0.2,867,46.662,66.925,53.109
0.2,868,46.623,67.052,53.082
0.2,869,46.557,67.18,53.235
0.2,870,46.538,67.301,53.174
0.2,871,46.553,67.309,53.188
0.2,872,46.473,67.416,53.354
0.2,873,46.614,67.49,53.467
0.2,874,46.569,67.625,53.467
0.2,875,46.55,67.792,53.473
0.2,876,46.691,67.913,53.626
0.2,877,46.525,67.947,53.686
0.2,878,46.686,67.888,53.626
0.2,879,46.554,67.737,53.686
0.2,880,46.549,67.931,53.693
0.2,881,46.456,67.838,53.632
0.2,882,46.61,67.973,53.792
0.2,883,46.731,68.047,53.699
0.2,884,46.706,68.015,53.672
0.2,885,46.7,68.169,53.665
0.2,886,46.681,68.33,53.665
0.2,887,46.515,68.331,53.704
0.2,888,46.483,68.445,53.837
0.2,889,46.444,68.573,54.004
0.2,890,46.578,68.68,54.164
0.2,891,46.712,68.794,54.523
0.2,892,46.613,68.695,54.45
0.2,893,46.727,68.983,54.55
0.2,894,46.735,68.964,54.563
0.2,895,46.776,69.385,54.602
0.2,896,46.81,69.399,54.622
0.2,897,46.758,69.547,54.802
0.2,898,46.932,69.514,54.788
0.2,899,46.9,69.635,54.722
0.2,900,46.881,69.816,54.721
0.2,901,46.988,70.13,54.621
0.2,902,47.176,70.098,54.761
0.2,903,47.243,70.172,54.841
0.2,904,47.338,70.28,54.774
0.2,905,47.299,70.222,54.713
0.2,906,47.38,70.096,54.993
0.2,907,47.315,70.044,54.94
0.2,908,47.302,70.045,54.933
0.2,909,47.13,70.099,55.379
0.2,910,47.597,70.173,55.419
0.2,911,47.752,70.321,55.379
0.2,912,47.879,70.262,55.319
0.2,913,47.794,70.183,55.252
0.2,914,48.008,70.377,55.465
0.2,915,48.169,70.491,55.824
0.2,916,48.076,70.379,55.738
0.2,917,48.284,70.613,55.991
0.2,918,48.406,70.934,56.305
0.2,919,48.513,71.069,56.431
0.2,920,48.454,71.209,56.384
0.2,921,48.375,71.317,56.311
0.2,922,48.429,71.358,56.377
0.2,923,48.824,71.572,56.384
0.2,924,48.805,71.553,56.377
0.2,925,48.859,71.581,56.403
0.2,926,48.786,71.728,56.37
0.2,927,48.774,71.716,56.369
0.2,928,48.782,71.897,56.576
0.2,929,48.829,71.898,56.616
0.2,930,48.79,72.065,56.769
0.2,931,48.791,72.046,56.975
0.2,932,48.792,72.021,56.948
0.2,933,48.833,72.055,56.961
0.2,934,48.821,72.043,57.162
0.2,935,49.002,72.223,57.155
0.2,936,48.996,72.224,57.155
0.2,937,48.997,72.239,57.174
0.2,938,49.151,72.226,57.514
0.2,939,49.052,72.141,57.64
0.2,940,49.053,72.108,57.634
0.2,941,49.04,72.109,57.853
0.2,942,49.021,72.29,57.826
0.2,943,48.929,72.404,57.74
0.2,944,48.883,72.545,57.719
0.2,945,49.044,72.499,57.659
0.2,946,49.078,72.52,57.692
0.2,947,49.013,72.455,57.825
0.2,948,49.194,72.776,57.765
0.2,949,49.361,72.71,57.738
0.2,950,49.582,72.897,57.958
0.2,951,49.79,73.078,57.964
0.2,952,49.665,73.353,58.051
0.2,953,49.632,73.694,58.211
0.2,954,49.633,73.661,58.237
0.2,955,49.794,73.602,58.197
0.2,956,49.755,73.73,58.377
0.2,957,49.763,73.911,58.377
0.2,958,49.724,73.832,58.343
0.2,959,49.638,74.126,58.236
0.2,960,49.632,74.073,58.229
0.2,961,49.626,74.041,58.229
0.2,962,49.621,74.022,58.249
0.2,963,50.122,74.103,58.575
0.2,964,50.269,74.031,58.735
0.2,965,50.45,73.991,58.728
0.2,966,50.624,73.972,58.735
0.2,967,50.672,74.0,58.788
0.2,968,50.693,74.008,58.821
0.2,969,50.847,74.115,58.954
0.2,970,50.881,74.123,58.994
0.2,971,50.869,74.09,58.994
0.2,972,50.83,74.271,58.987
0.2,973,50.784,74.399,58.96
0.2,974,51.085,74.907,58.886
0.2,975,51.039,74.861,58.833
0.2,976,51.067,74.875,58.859
0.2,977,51.115,74.896,58.885
0.2,978,51.296,74.857,58.879
0.2,979,51.35,75.071,58.705
0.2,980,51.558,75.245,58.899
0.2,981,51.546,75.233,59.079
0.2,982,51.493,75.367,58.999
0.2,983,51.807,75.455,59.132
0.2,984,51.815,75.643,59.105
0.2,985,52.143,75.75,59.605
0.2,986,52.03,75.838,59.698
0.2,987,51.845,75.859,59.531
0.2,988,51.886,75.9,59.578
0.2,989,51.907,75.894,59.598
0.2,990,51.828,75.961,59.697
0.2,991,51.823,75.896,59.664
0.2,992,51.817,75.85,59.657
0.2,993,51.771,75.778,59.617
0.2,994,52.292,76.272,59.73
0.2,995,52.786,76.739,59.796
0.2,996,52.781,76.72,59.783
0.2,997,52.721,76.868,59.949
0.2,998,52.676,76.802,60.109
0.2,999,52.817,76.731,60.069
0.2,1000,52.844,76.745,60.069
0.2,1001,52.839,76.706,60.056
0.2,1002,52.799,76.627,60.209
0.2,1003,53.0,77.001,60.608
0.2,1004,53.001,76.962,60.595
0.2,1005,53.056,77.023,60.861
0.2,1006,53.137,76.871,60.954
0.2,1007,53.277,76.791,61.121
0.2,1008,53.285,76.812,61.174
0.2,1009,53.259,77.0,61.187
0.2,1010,53.387,77.101,61.287
0.2,1011,53.481,76.975,61.187
0.2,1012,53.489,76.963,61.174
0.2,1013,53.656,76.884,61.12
0.2,1014,53.931,76.925,61.0
0.2,1015,53.858,77.006,60.92
0.2,1016,53.613,76.941,60.874
0.2,1017,53.68,76.789,60.76
0.2,1018,53.848,76.743,60.74
0.2,1019,54.036,76.918,60.74
0.2,1020,54.057,76.912,60.733
0.2,1021,54.017,77.239,60.819
0.2,1022,53.952,77.134,60.726
0.2,1023,53.859,77.235,60.626
0.2,1024,54.08,77.229,60.606
0.2,1025,54.055,77.19,60.786
0.2,1026,54.209,77.531,60.952
0.2,1027,54.21,77.725,60.939
0.2,1028,54.165,77.653,60.878
0.2,1029,54.239,78.114,60.771
0.2,1030,54.433,78.302,60.771
0.2,1031,54.401,78.263,60.724
0.2,1032,54.408,78.257,60.731
0.2,1033,54.403,78.238,60.704
0.2,1034,54.45,78.259,60.757
0.2,1035,54.438,78.4,60.697
0.2,1036,54.459,78.407,60.723
0.2,1037,54.82,78.548,60.683
0.2,1038,54.961,78.862,60.989
0.2,1039,54.841,78.73,60.882
0.2,1040,54.769,78.638,60.809
0.2,1041,54.737,78.805,60.982
0.2,1042,54.984,78.84,61.228
0.2,1043,55.019,78.894,61.248
0.2,1044,55.026,78.888,61.248
0.2,1045,54.98,78.822,61.194
0.2,1046,55.155,79.79,61.547
0.2,1047,55.216,79.831,61.574
0.2,1048,55.557,79.932,61.487
0.2,1049,55.777,80.113,61.507
0.2,1050,56.058,80.18,61.593
0.2,1051,56.033,80.155,61.553
0.2,1052,55.967,80.076,61.499
0.2,1053,55.941,80.223,61.472
0.2,1054,56.169,80.397,61.466
0.2,1055,56.356,80.372,61.459
0.2,1056,56.524,80.353,61.653
0.2,1057,56.512,80.5,61.612
0.2,1058,56.459,80.601,61.532
0.2,1059,56.307,81.056,61.399
0.2,1060,56.488,81.203,61.385
0.2,1061,56.429,81.151,61.298
0.2,1062,56.403,81.105,61.284
0.2,1063,56.564,81.033,61.271
0.2,1064,56.451,81.087,61.351
0.2,1065,56.719,80.928,61.445
0.2,1066,56.687,80.862,61.611
0.2,1067,56.701,80.837,61.611
0.2,1068,56.802,80.904,61.684
0.2,1069,57.016,80.912,61.877
0.2,1070,57.024,80.893,61.863
0.2,1071,56.998,80.82,61.816
0.2,1072,56.959,80.955,62.19
0.2,1073,57.113,81.309,62.109
0.2,1074,57.167,81.317,62.122
0.2,1075,57.148,81.298,62.109
0.2,1076,57.069,81.412,62.202
0.2,1077,57.19,81.533,62.322
0.2,1078,57.218,81.56,62.368
0.2,1079,57.239,81.528,62.361
0.2,1080,57.186,81.656,62.314
0.2,1081,57.174,81.81,62.267
0.2,1082,57.508,82.184,62.421
0.2,1083,57.696,82.378,62.394
0.2,1084,57.61,82.279,62.313
0.2,1085,57.591,82.287,62.32
0.2,1086,57.879,82.368,62.406
0.2,1087,57.86,82.342,62.593
0.2,1088,57.921,82.383,62.686
0.2,1089,58.101,82.524,62.646
0.2,1090,58.042,82.652,62.825
0.2,1091,58.01,82.779,62.765
0.2,1092,58.131,82.7,62.698
0.2,1093,58.072,82.621,62.651
0.2,1094,58.066,82.589,62.631
0.2,1095,58.06,82.59,62.618
0.2,1096,58.068,82.557,62.604
0.2,1097,58.222,82.725,62.751
0.2,1098,58.15,82.619,62.664
0.2,1099,58.311,82.76,62.61
0.2,1100,58.298,82.741,62.783
0.2,1101,58.273,82.668,62.716
0.2,1102,58.4,82.989,62.85
0.2,1103,58.368,82.964,62.829
0.2,1104,58.875,83.258,62.909
0.2,1105,58.85,83.446,62.895
0.2,1106,59.217,83.38,62.849
0.2,1107,59.192,83.334,62.822
0.2,1108,59.086,83.215,62.722
0.2,1109,59.207,83.543,63.021
0.2,1110,59.321,83.644,63.321
0.2,1111,59.475,83.578,63.448
0.2,1112,59.41,83.713,63.601
0.2,1113,59.397,83.907,63.607
0.2,1114,59.351,84.254,63.554
0.2,1115,59.479,84.329,63.673
0.2,1116,59.76,84.37,63.527
0.2,1117,59.874,84.257,63.42
0.2,1118,59.809,84.332,63.333
0.2,1119,59.803,84.299,63.332
0.2,1120,59.964,84.24,63.659
0.2,1121,60.098,84.348,63.979
0.2,1122,60.272,84.329,63.998
0.2,1123,60.267,84.31,64.192
0.2,1124,60.267,84.305,64.191
0.2,1125,60.448,84.286,64.164
0.2,1126,60.423,84.426,64.331
0.2,1127,60.35,84.534,64.237
0.2,1128,60.518,84.655,64.184
0.2,1129,60.559,84.669,64.203
0.2,1130,60.546,84.637,64.197
0.2,1131,60.487,84.531,64.123
0.2,1132,60.508,84.739,64.149
0.2,1133,60.663,84.906,64.089
0.2,1134,60.67,84.914,64.076
0.2,1135,60.664,84.895,64.282
0.2,1136,60.659,84.869,64.275
0.2,1137,60.84,85.037,64.268
0.2,1138,60.994,84.965,64.415
0.2,1139,60.982,85.352,64.188
0.2,1140,60.91,85.487,64.335
0.2,1141,60.871,85.621,64.301
0.2,1142,60.818,85.762,64.288
0.2,1143,60.859,85.75,64.334
0.2,1144,60.834,85.85,64.281
0.2,1145,60.995,85.792,64.247
0.2,1146,61.149,85.733,64.401
0.2,1147,61.077,85.681,64.767
0.2,1148,61.051,85.855,64.753
0.2,1149,61.025,85.969,64.9
0.2,1150,60.959,86.07,64.833
0.2,1151,61.014,86.098,64.899
0.2,1152,60.995,86.052,65.286
0.2,1153,60.969,86.193,65.259
0.2,1154,61.01,86.207,65.285
0.2,1155,61.004,86.182,65.245
0.2,1156,61.099,86.25,65.332
0.2,1157,61.227,86.357,65.459
0.2,1158,61.274,86.358,65.459
0.2,1159,61.282,86.326,65.465
0.2,1160,61.23,86.474,65.431
0.2,1161,61.577,86.561,65.572
0.2,1162,61.511,86.622,65.485
0.2,1163,61.486,86.75,65.452
0.2,1164,61.487,86.704,65.471
0.2,1165,61.581,86.765,65.351
0.2,1166,61.529,86.913,65.291
0.2,1167,61.483,86.847,65.251
0.2,1168,61.437,86.988,65.177
0.2,1169,61.411,87.142,65.117
0.2,1170,61.532,87.27,65.263
0.2,1171,61.82,87.317,65.13
0.2,1172,61.841,87.298,65.129
0.2,1173,61.875,87.312,65.149
0.2,1174,62.063,87.5,65.142
0.2,1175,61.984,87.394,65.055
0.2,1176,62.111,87.509,64.982
0.2,1177,62.072,87.656,65.148
0.2,1178,62.18,87.784,65.075
0.2,1179,62.167,87.765,65.068
0.2,1180,62.135,87.899,65.208
0.2,1181,62.089,87.833,65.167
0.2,1182,62.103,87.794,65.174
0.2,1183,61.998,88.242,65.06
0.2,1184,61.939,88.129,65.0
0.2,1185,61.933,88.097,65.013
0.2,1186,61.801,88.131,64.879
0.2,1187,61.741,88.252,64.806
0.2,1188,61.862,88.113,64.919
0.2,1189,61.963,88.147,65.199
0.2,1190,62.024,88.122,65.212
0.2,1191,61.979,88.243,65.585
0.2,1192,62.139,88.37,65.765
0.2,1193,62.107,88.311,65.945
0.2,1194,62.195,88.572,66.211
0.2,1195,62.169,88.513,66.191
0.2,1196,62.157,88.674,66.157
0.2,1197,62.144,88.635,66.164
0.2,1198,62.112,88.762,66.144
0.2,1199,62.139,88.763,66.203
0.2,1200,62.1,88.691,66.15
0.2,1201,62.081,88.845,66.124
0.2,1202,62.269,88.946,66.277
0.2,1203,62.49,89.127,66.477
0.2,1204,62.657,89.041,66.83
0.2,1205,62.825,88.963,66.803
0.2,1206,62.719,88.817,66.896
0.2,1207,62.727,88.778,66.896
0.2,1208,62.641,88.872,67.015
0.2,1209,62.635,88.833,67.022
0.2,1210,62.616,88.794,67.035
0.2,1211,62.624,88.755,67.035
0.2,1212,62.638,88.703,67.048
0.2,1213,62.599,88.804,67.001
0.2,1214,62.553,88.911,66.981
0.2,1215,62.588,88.899,67.014
0.2,1216,62.602,88.84,67.034
0.2,1217,62.743,88.728,67.154
0.2,1218,62.73,88.689,67.147
0.2,1219,62.778,88.683,67.18
0.2,1220,62.799,88.837,67.386
0.2,1221,62.773,88.965,67.36
0.2,1222,62.934,88.879,67.319
0.2,1223,62.855,88.967,67.246
0.2,1224,62.816,88.901,67.199
0.2,1225,62.777,88.768,67.525
0.2,1226,62.698,89.069,67.652
0.2,1227,62.585,89.117,67.738
0.2,1228,62.626,89.138,67.785
0.2,1229,62.887,89.759,68.224
0.2,1230,63.108,89.72,68.217
0.2,1231,63.123,89.734,68.257
0.2,1232,63.07,90.082,68.417
0.2,1233,63.378,90.189,68.33
0.2,1234,63.332,90.337,68.27
0.2,1235,63.353,90.524,68.27
0.2,1236,63.354,90.505,68.269
0.2,1237,63.241,90.56,68.342
0.2,1238,63.256,90.547,68.556
0.2,1239,63.377,90.648,68.675
0.2,1240,63.278,90.542,68.988
0.2,1241,63.239,90.483,68.955
0.2,1242,63.239,90.471,68.935
0.2,1243,63.227,90.465,69.121
0.2,1244,63.188,90.393,69.108
0.2,1245,63.182,90.367,69.081
0.2,1246,63.371,90.701,69.274
0.2,1247,63.432,90.702,69.314
0.2,1248,63.632,90.663,69.314
0.2,1249,63.593,90.577,69.267
0.2,1250,63.541,90.918,69.427
0.2,1251,63.575,90.939,69.48
0.2,1252,63.503,90.807,69.394
0.2,1253,63.544,90.828,69.434
0.2,1254,63.399,91.056,69.287
0.2,1255,63.353,91.17,69.233
0.2,1256,63.194,91.398,69.493
0.2,1257,63.208,91.385,69.499
0.2,1258,63.176,91.513,69.652
0.2,1259,63.09,91.421,69.586
0.2,1260,62.984,91.908,69.492
0.2,1261,62.992,91.883,69.472
0.2,1262,62.913,91.79,69.372
0.2,1263,63.02,91.864,69.251
0.2,1264,63.301,92.112,69.324
0.2,1265,63.356,92.546,69.384
0.2,1266,63.423,92.601,69.257
0.2,1267,63.417,92.555,69.457
0.2,1268,63.305,92.416,69.743
0.2,1269,63.213,92.737,69.85
0.2,1270,63.327,93.064,70.17
0.2,1271,63.454,93.386,70.296
0.2,1272,63.642,93.4,70.503
0.2,1273,63.823,93.561,70.649
0.2,1274,63.997,93.515,70.822
0.2,1275,64.192,93.523,70.822
0.2,1276,64.192,93.717,70.842
0.2,1277,64.287,93.785,71.141
0.2,1278,64.174,93.68,71.408
0.2,1279,64.149,93.861,71.588
0.2,1280,64.33,94.042,71.594
0.2,1281,64.484,94.176,71.534
0.2,1282,64.318,94.61,71.78
0.2,1283,64.452,94.544,71.72
0.2,1284,64.541,94.799,71.787
0.2,1285,64.542,94.786,71.774
0.2,1286,64.469,94.707,71.7
0.2,1287,64.497,94.901,71.893
0.2,1288,64.951,95.149,72.36
0.2,1289,64.999,95.203,72.359
0.2,1290,64.893,95.091,72.279
0.2,1291,64.794,95.372,72.386
0.2,1292,64.768,95.313,72.545
0.2,1293,64.729,95.267,72.525
0.2,1294,64.897,95.195,72.485
0.2,1295,64.871,95.336,72.458
0.2,1296,64.912,95.343,72.484
0.2,1297,64.9,95.311,72.471
0.2,1298,64.947,95.332,72.718
0.2,1299,64.968,95.513,72.524
0.2,1300,65.036,95.567,72.384
0.2,1301,65.023,95.535,72.777
0.2,1302,65.111,95.622,72.67
0.2,1303,65.132,95.637,72.656
0.2,1304,65.199,95.684,72.696
0.2,1305,65.134,95.792,72.616
0.2,1306,65.088,95.766,72.596
0.2,1307,65.269,95.734,72.542
0.2,1308,65.476,95.755,72.582
0.2,1309,65.271,95.729,72.562
0.2,1310,65.212,95.657,72.495
0.2,1311,65.299,95.711,72.368
0.2,1312,65.314,95.705,72.361
0.2,1313,65.209,95.593,72.448
0.2,1314,65.203,95.561,72.647
0.2,1315,65.144,95.475,72.76
0.2,1316,65.325,95.422,72.74
0.2,1317,65.286,95.37,72.693
0.2,1318,65.32,95.344,72.68
0.2,1319,65.281,95.285,72.64
0.2,1320,65.235,95.213,72.573
0.2,1321,65.356,95.307,72.706
0.2,1322,65.244,95.381,72.599
0.2,1323,65.251,95.549,72.592
0.2,1324,65.259,95.743,72.585
0.2,1325,65.413,95.891,72.731
0.2,1326,65.587,95.832,72.698
0.2,1327,65.635,96.059,72.958
0.2,1328,65.589,96.007,72.924
0.2,1329,65.57,95.955,72.911
0.2,1330,65.464,96.209,73.197
0.2,1331,65.672,96.403,73.21
0.2,1332,65.626,96.537,73.157
0.2,1333,65.734,96.838,73.29
0.2,1334,65.955,96.819,73.503
0.2,1335,66.089,96.947,73.416
0.2,1336,66.25,97.108,73.343
0.2,1337,66.338,97.155,73.622
0.2,1338,66.399,97.796,73.869
0.2,1339,66.593,97.784,73.848
0.2,1340,66.94,97.932,73.788
0.2,1341,67.128,97.933,73.815
0.2,1342,67.189,97.934,73.874
0.2,1343,67.23,97.962,73.901
0.2,1344,67.091,97.983,73.914
0.2,1345,67.105,98.17,73.92
0.2,1346,67.266,98.111,74.074
0.2,1347,67.174,98.019,73.987
0.2,1348,67.102,97.926,73.907
0.2,1349,67.096,98.107,73.88
0.2,1350,67.31,98.282,74.073
0.2,1351,67.445,98.176,74.026
0.2,1352,67.412,98.317,74.206
0.2,1353,67.613,98.471,74.412
0.2,1354,67.587,98.385,74.352
0.2,1355,67.475,98.64,74.439
0.2,1356,67.429,98.527,74.552
0.2,1357,67.397,98.661,74.512
0.2,1358,67.344,98.789,74.465
0.2,1359,67.465,99.303,74.785
0.2,1360,67.426,99.244,74.718
0.2,1361,67.621,99.192,74.871
0.2,1362,67.608,99.193,74.858
0.2,1363,67.602,99.194,74.857
0.2,1364,67.577,99.181,74.837
0.2,1365,67.591,99.176,74.83
0.2,1366,67.579,99.116,74.79
0.2,1367,67.553,99.064,74.723
0.2,1368,67.514,99.212,74.876
0.2,1369,67.548,99.199,74.889
0.2,1370,67.516,99.347,74.856
0.2,1371,67.537,99.334,74.875
0.2,1372,67.838,99.429,75.169
0.2,1373,68.032,99.403,75.162
0.2,1374,67.899,99.237,75.041
0.2,1375,67.874,99.158,74.994
0.2,1376,67.901,99.179,74.988
0.2,1377,67.916,99.16,74.981
0.2,1378,67.916,99.114,74.967
0.2,1379,68.024,99.575,75.447
0.2,1380,68.112,99.616,75.513
0.2,1381,68.126,99.571,75.52
0.2,1382,68.367,99.578,75.54
0.2,1383,68.388,99.739,75.733
0.2,1384,68.329,100.014,75.832
0.2,1385,68.417,100.068,75.712
0.2,1386,68.364,100.009,75.665
0.2,1387,68.532,99.93,75.619
0.2,1388,68.613,100.184,75.519
0.2,1389,68.614,100.158,75.505
0.2,1390,68.642,100.346,75.525
0.2,1391,68.696,100.333,75.572
0.2,1392,68.717,100.301,75.598
0.2,1393,68.598,100.369,75.644
0.2,1394,68.646,100.383,75.691
0.2,1395,68.773,100.47,76.017
0.2,1396,68.814,100.505,76.077
0.2,1397,68.755,100.586,75.983
0.2,1398,68.756,100.787,75.99
0.2,1399,68.664,100.854,75.876
0.2,1400,68.798,100.988,76.203
0.2,1401,68.725,100.889,76.149
0.2,1402,68.653,100.984,76.076
0.2,1403,68.681,100.971,76.055
0.2,1404,68.862,101.119,76.222
0.2,1405,68.896,101.093,76.222
0.2,1406,68.81,101.387,76.335
0.2,1407,68.698,101.468,76.215
0.2,1408,68.705,101.449,76.208
0.2,1409,68.686,101.43,76.208
0.2,1410,68.787,101.491,76.288
0.2,1411,68.761,101.439,76.274
0.2,1412,68.909,101.573,76.434
0.2,1413,68.897,101.534,76.441
0.2,1414,68.818,101.402,76.347
0.2,1415,68.766,101.736,76.508
0.2,1416,68.72,102.077,76.674
0.2,1417,68.641,102.171,76.614
0.2,1418,68.695,102.185,76.633
0.2,1419,68.656,102.293,76.567
0.2,1420,68.817,102.394,76.506
0.2,1421,68.985,102.521,76.659
0.2,1422,69.006,102.489,76.653
0.2,1423,69.327,102.783,76.979
0.2,1424,69.394,102.851,76.872
0.2,1425,69.382,102.765,77.032
0.2,1426,69.583,102.719,77.245
0.2,1427,69.537,102.634,77.185
0.2,1428,69.591,102.641,77.224
0.2,1429,69.626,102.816,77.198
0.2,1430,69.567,102.943,77.344
0.2,1431,69.581,103.131,77.544
0.2,1432,69.555,103.885,77.504
0.2,1433,69.516,103.819,77.463
0.2,1434,69.47,103.74,77.41
0.2,1435,69.798,104.221,77.73
0.2,1436,69.959,104.335,77.896
0.2,1437,70.093,104.223,77.83
0.2,1438,70.021,104.124,78.143
0.2,1439,70.155,104.425,78.263
0.2,1440,70.189,104.412,78.282
0.2,1441,70.317,104.741,78.602
0.2,1442,70.451,104.668,78.709
0.2,1443,70.452,104.829,78.668
0.2,1444,70.373,104.724,78.595
0.2,1445,70.454,104.978,78.875
0.2,1446,70.408,104.912,78.834
0.2,1447,70.416,104.873,78.827
0.2,1448,70.277,104.921,78.701
0.2,1449,70.158,104.975,78.934
0.2,1450,70.085,105.083,78.86
0.2,1451,70.086,105.077,79.06
0.2,1452,69.961,105.144,79.32
0.2,1453,69.909,105.052,79.26
0.2,1454,69.829,104.96,79.366
0.2,1455,69.717,104.821,79.446
0.2,1456,69.705,104.988,79.446
0.2,1457,69.779,104.829,79.346
0.2,1458,69.773,104.783,79.325
0.2,1459,69.861,104.644,79.199
0.2,1460,69.815,104.559,79.358
0.2,1461,69.883,104.546,79.625
0.2,1462,69.904,104.514,79.638
0.2,1463,70.018,104.622,79.744
0.2,1464,69.985,104.976,79.719
0.2,1465,70.173,105.137,79.912
0.2,1466,70.187,105.112,79.912
0.2,1467,70.122,105.013,80.025
0.2,1468,70.143,105.187,80.058
0.2,1469,70.163,105.161,80.071
0.2,1470,70.211,105.162,80.098
0.2,1471,70.152,105.076,80.044
0.2,1472,70.106,105.004,80.197
0.2,1473,70.101,104.952,80.397
0.2,1474,70.161,105.552,80.637
0.2,1475,70.536,105.687,80.623
0.2,1476,70.59,105.681,80.656
0.2,1477,70.631,105.662,80.663
0.2,1478,70.579,105.536,80.796
0.2,1479,70.793,105.457,80.795
0.2,1480,70.954,105.758,80.742
0.2,1481,71.021,105.752,80.795
0.2,1482,71.069,105.72,80.821
0.2,1483,71.103,105.674,80.835
0.2,1484,71.057,105.808,80.801
0.2,1485,71.105,105.796,80.841
0.2,1486,71.099,105.75,81.04
0.2,1487,71.034,105.865,81.18
0.2,1488,70.861,106.066,81.047
0.2,1489,70.822,106.173,81.026
0.2,1490,70.97,106.481,81.346
0.2,1491,70.951,106.455,81.339
0.2,1492,70.792,106.276,81.399
0.2,1493,70.959,106.404,81.359
0.2,1494,70.947,106.344,81.352
0.2,1495,71.074,106.432,81.678
0.2,1496,71.329,106.693,81.745
0.2,1497,71.263,106.567,81.871
0.2,1498,71.604,106.875,82.191
0.2,1499,71.565,107.209,82.331
0.2,1500,71.799,107.043,82.184
0.2,1501,71.8,107.038,82.204
0.2,1502,71.721,106.952,82.13
0.2,1503,71.942,107.34,82.15
0.2,1504,71.909,107.287,82.116
0.2,1505,71.904,107.481,82.129
0.2,1506,71.971,107.502,82.189
0.2,1507,71.933,107.637,82.362
0.2,1508,71.887,107.791,82.315
0.2,1509,72.214,108.098,82.448
0.2,1510,72.349,108.013,82.582
0.2,1511,72.33,108.147,82.728
0.2,1512,72.364,108.128,82.741
0.2,1513,72.498,108.216,83.068
0.2,1514,72.432,108.116,83.007
0.2,1515,72.453,108.111,83.014
0.2,1516,72.528,108.118,83.047
0.2,1517,72.495,108.246,82.98
0.2,1518,72.489,108.22,82.98
0.2,1519,72.79,108.328,83.279
0.2,1520,72.711,108.622,83.613
0.2,1521,72.752,108.603,83.659
0.2,1522,72.773,108.577,83.672
0.2,1523,72.941,108.885,83.632
0.2,1524,72.968,108.872,83.665
0.2,1525,73.036,108.908,83.759
0.2,1526,73.077,108.928,83.805
0.2,1527,72.992,109.029,83.712
0.2,1528,73.18,108.837,83.532
0.2,1529,73.147,108.965,83.472
0.2,1530,73.488,108.886,83.625
0.2,1531,73.263,109.046,83.398
0.2,1532,73.317,109.061,83.432
0.2,1533,73.498,109.215,83.405
0.2,1534,73.685,109.156,83.384
0.2,1535,73.633,109.277,83.311
0.2,1536,73.634,109.264,83.524
0.2,1537,73.675,109.272,83.551
0.2,1538,73.716,109.286,83.577
0.2,1539,73.877,109.454,83.544
0.2,1540,73.885,109.635,83.757
0.2,1541,73.846,109.776,83.916
0.2,1542,73.847,109.943,84.103
0.2,1543,73.922,110.198,84.183
0.2,1544,74.043,110.299,84.102
0.2,1545,74.13,110.56,84.175
0.2,1546,74.191,111.02,84.082
0.2,1547,74.199,111.001,84.109
0.2,1548,74.286,111.476,84.189
0.2,1549,74.281,111.45,84.202
0.2,1550,74.368,111.718,84.055
0.2,1551,74.242,111.585,83.921
0.2,1552,74.303,111.606,83.968
0.2,1553,74.298,111.58,83.961
0.2,1554,74.305,111.755,83.967
0.2,1555,74.466,111.909,84.12
0.2,1556,74.5,111.93,84.147
0.2,1557,74.361,111.951,83.987
0.2,1558,74.542,112.098,83.953
0.2,1559,74.723,112.446,83.913
0.2,1560,74.624,112.74,84.0
0.2,1561,74.778,112.848,84.306
0.2,1562,74.786,113.049,84.506
0.2,1563,74.827,113.116,84.532
0.2,1564,74.715,113.191,84.619
0.2,1565,74.729,113.205,84.652
0.2,1566,74.71,113.146,84.612
0.2,1567,74.817,113.054,84.499
0.2,1568,74.745,112.975,84.399
0.2,1569,75.193,113.009,84.845
0.2,1570,75.08,113.083,84.938
0.2,1571,75.061,113.024,84.898
0.2,1572,75.075,112.998,84.904
0.2,1573,74.936,113.219,84.744
0.2,1574,74.897,113.167,84.691
0.2,1575,74.925,113.808,84.744
0.2,1576,74.912,113.755,84.71
0.2,1577,75.073,113.903,84.67
0.2,1578,75.254,114.031,85.043
0.2,1579,75.249,114.005,85.056
0.2,1580,75.269,114.392,85.276
0.2,1581,75.25,114.527,85.429
0.2,1582,75.178,114.448,85.329
0.2,1583,75.172,114.435,85.335
0.2,1584,75.367,114.763,85.675
0.2,1585,75.361,114.93,85.668
0.2,1586,75.508,115.425,86.008
0.2,1587,75.836,115.299,85.934
0.2,1588,75.764,115.2,85.861
0.2,1589,75.891,115.261,85.981
0.2,1590,76.219,115.555,86.101
0.2,1591,76.326,115.836,86.027
0.2,1592,76.254,115.93,85.92
0.2,1593,76.475,116.118,86.32
0.2,1594,76.816,116.219,86.433
0.2,1595,76.791,116.346,86.366
0.2,1596,76.792,116.321,86.553
0.2,1597,76.899,116.388,86.639
0.2,1598,76.927,116.389,86.692
0.2,1599,76.841,116.85,86.999
0.2,1600,76.769,116.731,86.932
0.2,1601,76.683,116.832,86.879
0.2,1602,76.591,116.72,86.985
0.2,1603,76.545,116.654,87.138
0.2,1604,76.646,117.148,87.052
0.2,1605,76.614,117.289,87.018
0.2,1606,76.488,117.15,86.911
0.2,1607,76.435,117.071,86.844
0.2,1608,76.49,117.092,86.884
0.2,1609,76.477,117.233,86.85
0.2,1610,76.498,117.22,86.857
0.2,1611,76.666,117.355,86.83
0.2,1612,76.553,117.209,87.116
0.2,1613,76.828,117.25,87.169
0.2,1614,76.829,117.238,87.176
0.2,1615,76.976,117.365,87.136
0.2,1616,77.164,117.519,87.082
0.2,1617,77.185,117.48,87.122
0.2,1618,77.232,117.481,87.135
0.2,1619,77.42,117.636,87.128
0.2,1620,77.368,117.91,87.054
0.2,1621,77.342,118.211,87.181
0.2,1622,77.323,118.318,87.347
0.2,1623,77.39,118.559,87.607
0.2,1624,77.591,118.927,87.607
0.2,1625,77.552,118.868,87.54
0.2,1626,77.5,118.995,87.713
0.2,1627,77.548,119.21,87.953
0.2,1628,77.482,119.517,88.06
0.2,1629,77.636,119.858,88.433
0.2,1630,77.664,119.839,88.633
0.2,1631,77.712,120.067,89.086
0.2,1632,77.639,119.974,89.02
0.2,1633,77.654,120.155,89.026
0.2,1634,77.668,120.15,89.033
0.2,1635,77.629,120.097,89.006
0.2,1636,77.617,120.285,89.219
0.2,1637,77.985,120.606,89.172
0.2,1638,77.839,120.627,89.432
0.2,1639,77.8,120.768,89.591
0.2,1640,77.848,120.795,89.624
0.2,1641,77.788,120.743,89.591
0.2,1642,77.809,120.697,89.577
0.2,1643,77.83,120.691,89.59
0.2,1644,77.791,120.639,89.764
0.2,1645,77.766,120.546,89.71
0.2,1646,77.753,120.474,89.89
0.2,1647,77.807,120.502,89.95
0.2,1648,77.808,120.483,89.943
0.2,1649,77.789,120.437,90.109
0.2,1650,77.75,120.358,90.056
0.2,1651,77.724,120.285,90.022
0.2,1652,77.612,120.367,90.095
0.2,1653,77.606,120.541,90.082
0.2,1654,77.761,120.628,90.228
0.2,1655,77.688,120.916,90.368
0.2,1656,77.682,120.851,90.368
0.2,1657,77.757,120.898,90.467
0.2,1658,77.751,120.859,90.474
0.2,1659,77.745,120.807,90.427
0.2,1660,77.873,121.121,90.747
0.2,1661,78.007,121.422,90.66
0.2,1662,78.188,121.57,90.82
0.2,1663,78.496,121.844,90.893
0.2,1664,78.53,121.865,90.946
0.2,1665,78.578,121.879,90.986
0.2,1666,78.545,121.847,90.985
0.2,1667,78.513,121.774,90.958
0.2,1668,78.627,121.835,90.845
0.2,1669,78.595,121.783,90.811
0.2,1670,78.509,121.87,90.731
0.2,1671,78.583,121.905,90.777
0.2,1672,78.571,121.879,90.797
0.2,1673,78.552,122.026,90.95
0.2,1674,78.513,121.967,90.903
0.2,1675,78.554,121.948,90.91
0.2,1676,78.541,121.916,90.89
0.2,1677,78.635,122.417,91.203
0.2,1678,78.763,122.498,91.103
0.2,1679,78.824,122.499,91.162
0.2,1680,78.818,122.433,91.102
0.2,1681,79.046,122.394,91.128
0.2,1682,79.047,122.575,91.148
0.2,1683,79.001,122.662,91.089
0.2,1684,79.015,122.623,91.088
0.2,1685,79.07,122.631,91.528
0.2,1686,78.937,122.459,91.561
0.2,1687,78.805,122.473,91.608
0.2,1688,78.832,122.447,91.607
0.2,1689,78.693,122.508,91.48
0.2,1690,78.714,122.696,91.687
0.2,1691,78.888,122.843,91.84
0.2,1692,78.896,123.024,91.86
0.2,1693,78.97,123.078,91.92
0.2,1694,78.998,123.053,92.113
0.2,1695,78.959,123.374,92.1
0.2,1696,78.9,123.675,92.399
0.2,1697,78.961,123.489,92.247
0.2,1698,79.368,123.691,92.08
0.2,1699,79.396,123.692,92.113
0.2,1700,79.364,123.613,92.313
0.2,1701,79.324,123.721,92.273
0.2,1702,79.452,123.796,92.586
0.2,1703,79.426,123.91,92.539
0.2,1704,79.807,124.017,92.719
0.2,1705,79.788,123.938,92.652
0.2,1706,79.849,123.946,92.698
0.2,1707,80.043,124.114,92.898
0.2,1708,79.984,124.028,93.045
0.2,1709,79.859,124.295,92.944
0.2,1710,79.84,124.423,93.311
0.2,1711,79.82,124.357,93.284
0.2,1712,80.028,124.532,93.477
0.2,1713,80.042,124.693,93.47
0.2,1714,80.103,124.973,93.33
0.2,1715,80.278,125.128,93.296
0.2,1716,80.245,125.062,93.263
0.2,1717,80.453,125.043,93.262
0.2,1718,80.46,125.031,93.256
0.2,1719,80.441,125.211,93.422
0.2,1720,80.582,125.159,93.375
0.2,1721,80.77,125.287,93.335
0.2,1722,80.964,125.214,93.321
0.2,1723,81.078,125.502,93.428
0.2,1724,81.126,125.496,93.447
0.2,1725,81.087,125.45,93.414
0.2,1726,81.214,125.931,93.534
0.2,1727,81.382,126.279,93.68
0.2,1728,81.383,126.473,93.7
0.2,1729,81.264,126.714,93.98
0.2,1730,81.345,126.555,94.059
0.2,1731,81.546,126.516,94.419
0.2,1732,81.553,126.49,94.426
0.2,1733,81.481,126.405,94.533
0.2,1734,81.702,126.585,94.746
0.2,1735,81.65,126.687,94.686
0.2,1736,81.624,126.634,94.859
0.2,1737,81.499,126.702,94.959
0.2,1738,81.473,126.889,95.138
0.2,1739,81.428,126.85,95.111
0.2,1740,81.522,126.925,95.605
0.2,1741,81.556,126.932,95.811
0.2,1742,81.497,127.227,95.751
0.2,1743,81.811,127.341,96.064
0.2,1744,81.786,127.315,96.031
0.2,1745,81.813,127.483,96.07
0.2,1746,81.974,127.577,96.05
0.2,1747,81.988,127.551,96.07
0.2,1748,82.176,127.732,96.07
0.2,1749,82.31,127.826,96.203
0.2,1750,82.338,127.807,96.229
0.2,1751,82.566,127.742,96.409
0.2,1752,82.5,127.836,96.335
0.2,1753,82.382,128.07,96.202
0.2,1754,82.509,128.184,96.528
0.2,1755,82.51,128.359,96.515
0.2,1756,82.638,128.466,96.441
0.2,1757,82.792,128.794,96.587
0.2,1758,82.766,128.961,96.767
0.2,1759,82.727,128.889,96.74
0.2,1760,82.635,128.95,96.627
0.2,1761,82.489,128.791,96.493
0.2,1762,82.45,128.932,96.46
0.2,1763,82.484,128.959,96.453
0.2,1764,82.485,129.127,96.426
0.2,1765,82.514,129.108,96.426
0.2,1766,82.668,129.242,96.392
0.2,1767,82.722,129.223,96.445
0.2,1768,82.643,129.717,96.565
0.2,1769,82.744,129.598,96.671
0.2,1770,82.758,129.566,96.664
0.2,1771,82.599,129.62,96.931
0.2,1772,82.74,129.741,97.051
0.2,1773,82.754,129.722,97.064
0.2,1774,82.716,129.864,97.244
0.2,1775,82.637,129.785,97.177
0.2,1776,82.691,129.819,97.21
0.2,1777,82.632,129.933,97.156
0.2,1778,82.993,129.854,97.089
0.2,1779,82.967,129.982,97.269
0.2,1780,82.975,129.936,97.249
0.2,1781,83.136,130.263,97.216
0.2,1782,83.064,130.579,97.336
0.2,1783,83.225,130.919,97.502
0.2,1784,83.206,130.9,97.515
0.2,1785,83.247,131.128,97.768
0.2,1786,83.454,131.296,97.762
0.2,1787,83.435,131.43,97.935
0.2,1788,83.443,131.611,97.941
0.2,1789,83.604,131.738,97.914
0.2,1790,83.791,131.906,98.101
0.2,1791,83.692,132.374,98.167
0.2,1792,84.013,132.475,98.28
0.2,1793,84.041,132.469,98.253
0.2,1794,83.935,132.343,98.32
0.2,1795,83.843,132.471,98.619
0.2,1796,83.73,132.545,98.513
0.2,1797,83.811,132.626,98.792
0.2,1798,83.772,132.78,98.759
0.2,1799,83.707,132.675,98.858
0.2,1800,83.914,132.649,99.078
0.2,1801,83.895,132.603,99.031
0.2,1802,83.949,132.631,99.058
0.2,1803,83.917,132.585,99.051
0.2,1804,83.851,132.713,99.391
0.2,1805,84.065,132.687,99.384
0.2,1806,84.073,132.688,99.41
0.2,1807,84.074,132.689,99.423
0.2,1808,84.182,132.61,99.343
0.2,1809,84.196,132.597,99.343
0.2,1810,84.177,132.945,99.303
0.2,1811,84.078,133.026,99.196
0.2,1812,84.152,133.1,99.082
0.2,1813,84.3,133.401,99.222
0.2,1814,84.327,133.422,99.248
0.2,1815,84.375,133.436,99.281
0.2,1816,84.383,133.637,99.475
0.2,1817,84.437,133.658,99.474
0.2,1818,84.405,133.799,99.421
0.2,1819,84.392,133.993,99.607
0.2,1820,84.387,133.941,99.614
0.2,1821,84.588,133.942,99.807
0.2,1822,84.762,134.083,99.967
0.2,1823,84.863,134.377,100.06
0.2,1824,84.778,134.685,99.96
0.2,1825,84.945,134.619,100.113
0.2,1826,85.046,134.7,100.0
0.2,1827,85.068,134.688,100.013
0.2,1828,85.115,134.702,99.852
0.2,1829,85.303,135.25,100.239
0.2,1830,85.537,135.43,100.232
0.2,1831,85.738,135.425,100.258
0.2,1832,85.679,135.532,100.412
0.2,1833,85.587,135.647,100.325
0.2,1834,85.548,135.588,100.278
0.2,1835,85.689,135.722,100.224
0.2,1836,85.85,135.876,100.197
0.2,1837,86.277,136.07,99.997
0.2,1838,86.238,136.205,100.143
0.2,1839,86.379,136.132,100.263
0.2,1840,86.34,136.473,100.216
0.2,1841,86.301,136.414,100.156
0.2,1842,86.482,136.342,100.349
0.2,1843,86.523,136.343,100.389
0.2,1844,86.484,136.284,100.369
0.2,1845,86.545,136.258,100.389
0.2,1846,86.706,136.172,100.535
0.2,1847,86.713,136.113,100.721
0.2,1848,86.667,136.241,100.681
0.2,1849,86.842,136.328,100.848
0.2,1850,87.229,136.242,100.621
0.2,1851,87.45,136.257,100.674
0.2,1852,87.385,136.344,100.794
0.2,1853,87.399,136.345,100.807
0.2,1854,87.326,136.653,100.92
0.2,1855,87.381,136.66,100.946
0.2,1856,87.382,136.601,100.939
0.2,1857,87.483,136.676,100.826
0.2,1858,87.53,136.677,100.852
0.2,1859,87.571,136.704,100.872
0.2,1860,87.579,136.685,100.865
0.2,1861,87.54,136.793,100.998
0.2,1862,87.707,136.907,100.951
0.2,1863,87.641,137.028,101.065
0.2,1864,87.576,137.142,100.998
0.2,1865,87.53,137.47,100.911
0.2,1866,87.551,137.471,100.904
0.2,1867,87.485,137.372,101.037
0.2,1868,87.566,137.433,100.903
0.2,1869,87.447,137.694,101.19
0.2,1870,87.461,137.889,101.39
0.2,1871,87.582,137.764,101.483
0.2,1872,87.563,137.738,101.462
0.2,1873,87.531,137.892,101.436
0.2,1874,87.385,137.706,101.262
0.2,1875,87.559,137.661,101.415
0.2,1876,87.58,137.848,101.615
0.2,1877,87.595,137.836,101.642
0.2,1878,87.796,138.01,101.642
0.2,1879,87.904,138.298,101.915
0.2,1880,87.831,138.219,102.028
0.2,1881,87.766,138.146,102.135
0.2,1882,87.773,138.167,102.154
0.2,1883,87.708,138.282,102.281
0.2,1884,87.682,138.436,102.441
0.2,1885,87.824,138.79,102.348
0.2,1886,87.751,138.885,102.447
0.2,1887,87.699,138.999,102.561
0.2,1888,87.88,138.934,102.707
0.2,1889,87.807,139.041,102.607
0.2,1890,87.828,139.229,102.607
0.2,1891,87.796,139.176,102.76
0.2,1892,87.817,139.357,102.959
0.2,1893,87.724,139.378,103.032
0.2,1894,87.745,139.353,103.026
0.2,1895,87.633,139.58,103.099
0.2,1896,87.674,139.561,103.132
0.2,1897,87.635,139.462,103.078
0.2,1898,87.576,139.75,103.405
0.2,1899,87.504,139.851,103.545
0.2,1900,87.864,139.986,103.484
0.2,1901,87.905,139.96,103.518
0.2,1902,87.886,140.094,103.497
0.2,1903,87.901,140.075,103.49
0.2,1904,87.902,140.043,103.517
0.2,1905,87.776,140.091,103.623
0.2,1906,87.623,140.132,103.676
0.2,1907,87.591,140.253,104.023
0.2,1908,87.632,140.241,104.063
0.2,1909,87.973,140.341,104.196
0.2,1910,87.921,140.236,104.122
0.2,1911,87.895,140.371,104.089
0.2,1912,88.043,140.858,104.215
0.2,1913,87.984,140.799,104.195
0.2,1914,87.998,140.774,104.195
0.2,1915,87.925,141.101,104.341
0.2,1916,88.106,141.255,104.307
0.2,1917,88.061,141.416,104.287
0.2,1918,88.048,141.391,104.294
0.2,1919,88.062,141.378,104.307
0.2,1920,88.357,141.433,104.573
0.2,1921,88.524,141.593,104.746
0.2,1922,88.552,141.808,104.786
0.2,1923,88.506,141.729,104.732
0.2,1924,88.5,141.91,104.746
0.2,1925,88.628,141.837,104.665
0.2,1926,88.649,142.018,104.878
0.2,1927,88.71,142.232,105.132
0.2,1928,88.884,142.347,105.265
0.2,1929,89.032,142.434,105.372
0.2,1930,89.133,142.702,105.432
0.2,1931,89.147,142.683,105.419
0.2,1932,89.095,142.584,105.339
0.2,1933,89.069,142.531,105.292
0.2,1934,89.016,142.679,105.252
0.2,1935,89.197,142.6,105.205
0.2,1936,89.172,142.541,105.178
0.2,1937,89.173,142.482,104.978
0.2,1938,89.407,142.263,104.971
0.2,1939,89.454,142.277,105.011
0.2,1940,89.582,142.358,105.131
0.2,1941,89.557,142.279,105.104
0.2,1942,89.438,142.546,104.984
0.2,1943,89.425,142.694,105.171
0.2,1944,89.466,142.702,105.204
0.2,1945,89.454,142.669,105.41
0.2,1946,89.448,142.837,105.397
0.2,1947,89.476,143.031,105.396
0.2,1948,89.411,143.152,105.336
0.2,1949,89.458,143.193,105.383
0.2,1950,89.592,143.467,105.309
0.2,1951,89.56,143.401,105.289
0.2,1952,89.681,143.662,105.602
0.2,1953,89.689,143.643,105.602
0.2,1954,89.71,143.611,105.628
0.2,1955,89.877,143.752,105.988
0.2,1956,89.885,143.713,106.168
0.2,1957,90.039,143.994,106.087
0.2,1958,89.973,144.075,106.014
0.2,1959,89.961,144.422,106.18
0.2,1960,89.922,144.523,106.347
0.2,1961,89.969,144.531,106.34
0.2,1962,89.87,144.398,106.253
0.2,1963,89.918,144.399,106.293
0.2,1964,90.072,144.514,106.232
0.2,1965,90.213,144.828,106.386
0.2,1966,90.254,144.849,106.412
0.2,1967,90.428,144.763,106.399
0.2,1968,90.496,144.764,106.432
0.2,1969,90.664,144.905,106.372
0.2,1970,90.604,145.006,106.525
0.2,1971,90.585,145.133,106.484
0.2,1972,90.506,145.214,106.397
0.2,1973,90.741,145.362,106.631
0.2,1974,90.628,145.423,106.51
0.2,1975,90.629,145.384,106.517
0.2,1976,90.617,145.345,106.503
0.2,1977,90.591,145.492,106.47
0.2,1978,90.612,145.453,106.463
0.2,1979,90.673,145.668,106.316
0.2,1980,90.494,145.649,106.322
0.2,1981,90.595,145.517,106.235
0.2,1982,90.509,145.605,106.175
0.2,1983,90.463,145.745,106.128
0.2,1984,90.418,145.653,106.061
0.2,1985,90.392,145.607,106.041
0.2,1986,90.413,145.608,106.054
0.2,1987,90.561,145.903,106.388
0.2,1988,90.615,145.917,106.421
0.2,1989,90.676,145.912,106.461
0.2,1990,90.723,145.919,106.5
0.2,1991,90.931,146.073,106.714
0.2,1992,91.152,146.241,106.933
0.2,1993,91.14,146.195,106.92
0.2,1994,91.194,146.203,106.966
0.2,1995,91.248,146.197,107.013
0.2,1996,91.156,146.058,107.319
0.2,1997,91.23,146.079,107.412
0.2,1998,91.171,146.167,107.326
0.2,1999,91.225,146.188,107.385
0.2,2000,91.286,146.182,107.432
1.0,1,0.302,0.568,0.302
1.0,2,0.67,0.87,0.737
1.0,3,0.872,1.172,0.905
1.0,4,1.073,1.307,1.007
1.0,5,1.275,1.875,1.442
1.0,6,1.477,2.443,1.61
1.0,7,1.645,2.545,1.812
1.0,8,1.68,2.713,2.047
1.0,9,1.882,2.882,2.148
1.0,10,1.95,3.183,2.083
1.0,11,2.218,3.418,2.152
1.0,12,2.553,3.387,2.253
1.0,13,2.855,3.788,2.555
1.0,14,3.323,4.257,3.057
1.0,15,3.358,4.458,3.358
1.0,16,3.827,4.76,4.127
1.0,17,4.195,5.362,4.395
1.0,18,4.697,5.497,4.797
1.0,19,5.098,5.499,4.998
1.0,20,5.2,5.767,5.467
1.0,21,5.302,5.935,5.668
1.0,22,5.371,6.004,5.77
1.0,23,5.372,6.439,6.005
1.0,24,5.541,6.507,6.24
1.0,25,5.742,6.609,6.442
1.0,26,6.011,6.844,6.71
1.0,27,6.246,7.046,6.912
1.0,28,6.347,7.081,7.014
1.0,29,6.416,7.416,7.049
1.0,30,6.584,7.717,7.218
1.0,31,6.852,7.952,7.586
1.0,32,7.054,8.454,8.154
1.0,33,7.622,8.556,8.456
1.0,34,8.191,8.524,8.592
1.0,35,8.392,8.426,8.827
1.0,36,8.327,8.627,9.062
1.0,37,8.396,8.829,9.13
1.0,38,8.597,9.164,9.365
1.0,39,8.532,9.166,9.567
1.0,40,8.867,9.601,9.903
1.0,41,9.002,9.836,10.104
1.0,42,9.437,10.004,10.373
1.0,43,9.639,10.206,10.541
1.0,44,9.807,10.441,10.443
1.0,45,10.176,11.176,10.611
1.0,46,10.544,11.644,10.913
1.0,47,10.679,11.846,11.281
1.0,48,11.147,11.714,11.683
1.0,49,11.482,11.982,12.018
1.0,50,11.851,11.917,12.253
1.0,51,12.086,12.186,12.354
1.0,52,12.321,12.254,12.389
1.0,53,12.589,12.222,12.758
1.0,54,12.724,12.357,12.926
1.0,55,12.859,12.426,13.028
1.0,56,12.994,12.561,13.096
1.0,57,13.329,13.029,13.598
1.0,58,13.364,13.397,13.899
1.0,59,13.732,13.499,14.268
1.0,60,13.867,13.501,14.503
1.0,61,14.302,13.802,14.804
1.0,62,14.304,13.837,14.873
1.0,63,14.539,14.072,15.208
1.0,64,14.374,14.541,15.443
1.0,65,14.442,14.742,15.644
1.0,66,14.411,14.844,16.046
1.0,67,14.512,15.379,16.281
1.0,68,14.614,15.647,16.449
1.0,69,14.849,15.982,16.651
1.0,70,15.117,16.217,16.886
1.0,71,15.219,16.586,17.021
1.0,72,15.287,16.721,17.123
1.0,73,15.522,17.122,17.124
1.0,74,15.791,17.191,17.459
1.0,75,15.992,17.426,17.694
1.0,76,16.294,17.461,17.896
1.0,77,16.629,17.929,18.331
1.0,78,16.597,18.164,18.533
1.0,79,16.666,18.199,18.601
1.0,80,16.867,18.101,18.803
1.0,81,17.036,18.336,18.971
1.0,82,17.271,18.904,18.906
1.0,83,17.472,19.406,19.274
1.0,84,17.508,19.508,19.576
1.0,85,17.476,19.577,19.744
1.0,86,17.778,19.912,19.746
1.0,87,17.846,20.18,20.081
1.0,88,18.081,20.382,20.516
1.0,89,18.216,20.784,20.484
1.0,90,18.118,21.252,20.519
1.0,91,18.353,21.454,20.721
1.0,92,18.555,21.622,20.856
1.0,93,18.724,21.658,21.291
1.0,94,19.059,22.06,21.526
1.0,95,19.394,22.195,21.894
1.0,96,19.496,22.563,22.196
1.0,97,20.064,22.865,22.598
1.0,98,20.199,23.066,22.666
1.0,99,20.301,23.235,22.868
1.0,100,20.336,23.203,23.036
1.0,101,20.804,23.705,23.338
1.0,102,20.972,23.573,23.473
1.0,103,20.974,23.608,23.308
1.0,104,21.342,24.276,23.61
1.0,105,21.744,24.678,24.211
1.0,106,22.512,24.846,24.446
1.0,107,22.514,25.048,24.581
1.0,108,22.682,25.25,25.35
1.0,109,22.851,25.251,25.485
1.0,110,23.152,25.486,25.72
1.0,111,23.687,25.588,26.255
1.0,112,24.389,25.756,26.356
1.0,113,24.524,25.891,26.391
1.0,114,24.892,26.393,26.86
1.0,115,25.394,26.528,27.495
1.0,116,25.629,26.83,27.596
1.0,117,26.031,26.931,27.665
1.0,118,26.666,26.967,28.133
1.0,119,26.867,27.102,28.335
1.0,120,26.936,27.17,28.37
1.0,121,27.304,27.505,28.472
1.0,122,27.439,27.641,28.707
1.0,123,27.541,27.776,28.709
1.0,124,27.676,27.911,29.077
1.0,125,27.544,28.312,29.545
1.0,126,27.546,28.514,29.447
1.0,127,27.981,28.482,29.549
1.0,128,28.15,28.551,29.684
1.0,129,28.585,28.853,30.219
1.0,130,28.786,28.921,30.354
1.0,131,28.721,29.189,30.589
1.0,132,28.923,29.791,30.69
1.0,133,28.891,30.026,30.759
1.0,134,29.06,30.361,30.694
1.0,135,29.028,30.563,30.795
1.0,136,29.197,30.498,30.831
1.0,137,29.199,30.766,31.233
1.0,138,29.267,30.968,31.534
1.0,139,29.469,31.436,31.936
1.0,140,29.737,31.838,32.171
1.0,141,29.839,32.173,32.206
1.0,142,30.107,32.408,32.208
1.0,143,30.209,32.409,31.909
1.0,144,30.577,32.611,32.078
1.0,145,31.012,32.946,32.346
1.0,146,31.115,33.015,32.614
1.0,147,31.35,33.05,32.616
1.0,148,31.318,33.485,32.751
1.0,149,31.52,33.454,32.753
1.0,150,31.588,33.555,32.821
1.0,151,31.756,34.09,32.956
1.0,152,32.291,34.425,32.991
1.0,153,32.26,34.56,32.993
1.0,154,32.761,34.895,33.294
1.0,155,33.096,35.13,33.463
1.0,156,33.131,35.299,33.398
1.0,157,33.533,35.4,33.799
1.0,158,34.068,35.669,33.868
1.0,159,34.303,35.57,33.836
1.0,160,34.471,35.839,33.838
1.0,161,34.573,36.14,34.106
1.0,162,34.475,36.475,34.375
1.0,163,34.743,37.11,34.41
1.0,164,34.645,37.745,34.511
1.0,165,34.646,37.88,34.513
1.0,166,34.915,37.815,34.748
1.0,167,34.983,37.95,34.75
1.0,168,35.218,38.152,34.751
1.0,169,35.42,38.087,34.886
1.0,170,35.621,38.222,34.888
1.0,171,35.923,38.49,35.091
1.0,172,35.958,38.659,35.092
1.0,173,36.293,38.727,35.261
1.0,174,36.928,38.929,35.529
1.0,175,37.063,38.864,35.397
1.0,176,37.165,39.265,35.566
1.0,177,37.233,39.4,35.567
1.0,178,37.068,39.569,35.969
1.0,179,37.37,39.67,36.171
1.0,180,37.405,39.672,36.139
1.0,181,37.606,39.941,36.441
1.0,182,37.708,40.042,36.642
1.0,183,38.11,40.277,36.977
1.0,184,38.412,40.546,36.846
1.0,185,38.38,40.481,36.747
1.0,186,38.682,41.016,37.382
1.0,187,38.95,41.418,37.651
1.0,188,39.085,41.553,37.586
1.0,189,39.653,42.188,37.787
1.0,190,39.588,42.357,37.822
1.0,191,39.857,42.592,37.991
1.0,192,40.025,42.993,38.159
1.0,193,40.327,43.462,38.327
1.0,194,40.395,43.63,38.496
1.0,195,40.33,44.065,38.731
1.0,196,40.465,44.2,38.899
1.0,197,40.767,44.535,39.034
1.0,198,41.235,44.837,39.069
1.0,199,41.703,44.938,39.771
1.0,200,42.005,45.24,39.806
1.0,201,41.84,45.242,40.274
1.0,202,42.209,45.344,40.443
1.0,203,42.244,45.512,40.311
1.0,204,42.445,46.014,40.546
1.0,205,42.38,46.082,40.381
1.0,206,42.282,46.45,40.649
1.0,207,42.317,46.419,40.618
1.0,208,42.285,46.52,40.619
1.0,209,41.987,47.189,40.621
1.0,210,42.155,47.49,40.623
1.0,211,42.524,47.492,40.591
1.0,212,42.859,47.527,40.759
1.0,213,43.194,47.929,40.994
1.0,214,43.495,48.03,41.229
1.0,215,43.364,48.165,41.298
1.0,216,43.365,48.5,41.499
1.0,217,43.467,48.769,41.501
1.0,218,43.535,48.737,41.903
1.0,219,43.504,48.972,42.071
1.0,220,43.605,49.04,42.506
1.0,221,43.574,49.409,42.941
1.0,222,43.742,49.777,43.309
1.0,223,43.91,50.179,43.711
1.0,224,43.879,50.247,43.713
1.0,225,43.88,50.982,44.248
1.0,226,44.149,51.35,44.383
1.0,227,44.317,51.685,44.584
1.0,228,44.485,51.754,44.786
1.0,229,44.654,51.855,44.788
1.0,230,44.756,52.324,45.089
1.0,231,44.891,52.559,45.158
1.0,232,45.126,52.494,45.459
1.0,233,45.261,52.762,45.694
1.0,234,45.729,53.13,46.163
1.0,235,46.264,53.665,46.631
1.0,236,46.866,53.967,46.999
1.0,237,47.101,54.235,47.134
1.0,238,47.002,54.57,47.236
1.0,239,46.837,54.739,47.571
1.0,240,47.272,55.04,47.506
1.0,241,47.241,55.109,47.641
1.0,242,47.209,55.144,47.876
1.0,243,47.377,55.445,48.011
1.0,244,47.579,55.68,47.913
1.0,245,47.847,55.949,48.114
1.0,246,47.816,56.084,48.049
1.0,247,48.251,56.285,48.451
1.0,248,48.152,56.387,48.553
1.0,249,48.487,56.789,48.754
1.0,250,49.089,57.257,48.923
1.0,251,49.057,57.359,48.891
1.0,252,50.092,57.76,49.426
1.0,253,50.394,58.162,49.861
1.0,254,50.229,58.597,49.729
1.0,255,50.331,58.799,49.698
1.0,256,50.232,58.934,49.799
1.0,257,50.301,59.269,49.968
1.0,258,50.502,59.437,50.603
1.0,259,50.737,59.605,50.571
1.0,260,50.706,59.674,50.539
1.0,261,50.774,59.876,50.741
1.0,262,50.676,59.878,50.51
1.0,263,50.711,59.979,50.445
1.0,264,50.912,60.048,50.48
1.0,265,50.947,60.116,50.515
1.0,266,51.249,60.518,50.917
1.0,267,51.351,60.486,50.785
1.0,268,51.519,60.554,51.254
1.0,269,52.054,60.923,51.089
1.0,270,52.256,61.191,51.457
1.0,271,52.257,61.493,51.559
1.0,272,52.326,61.861,51.727
1.0,273,52.494,61.929,51.929
1.0,274,52.762,62.032,51.897
1.0,275,52.831,62.133,52.032
1.0,276,53.032,62.435,52.201
1.0,277,53.467,62.97,52.802
1.0,278,53.602,63.072,52.871
1.0,279,53.704,63.173,53.072
1.0,280,54.272,63.375,53.274
1.0,281,54.474,63.41,53.242
1.0,282,54.976,63.245,53.411
1.0,283,55.311,63.581,53.646
1.0,284,55.612,64.083,54.114
1.0,285,55.781,64.151,54.182
1.0,286,55.85,64.286,54.417
1.0,287,56.018,64.421,54.652
1.0,288,56.12,64.69,55.087
1.0,289,56.055,64.891,54.889
1.0,290,56.256,65.426,55.257
1.0,291,56.658,65.962,55.926
1.0,292,56.693,65.93,55.927
1.0,293,56.861,66.165,56.062
1.0,294,57.23,66.5,56.331
1.0,295,57.531,66.369,56.566
1.0,296,57.667,66.17,57.135
1.0,297,57.435,66.605,57.17
1.0,298,57.438,66.874,57.438
1.0,299,57.406,67.009,57.673
1.0,300,57.608,67.51,57.841
1.0,301,57.41,67.512,57.777
1.0,302,57.545,67.48,57.912
1.0,303,57.813,67.582,58.08
1.0,304,57.848,67.617,58.082
1.0,305,57.95,68.052,58.284
1.0,306,58.352,68.254,58.685
1.0,307,58.453,68.355,58.554
1.0,308,58.355,68.357,58.422
1.0,309,58.823,68.992,59.29
1.0,310,59.292,69.294,59.925
1.0,311,59.56,69.363,60.094
1.0,312,59.362,69.598,60.329
1.0,313,59.363,69.799,60.397
1.0,314,59.598,70.034,60.332
1.0,315,59.5,70.303,60.2
1.0,316,60.302,70.438,60.102
1.0,317,60.37,70.606,60.037
1.0,318,60.405,70.741,60.006
1.0,319,60.474,71.276,60.141
1.0,320,60.542,71.478,60.442
1.0,321,60.477,71.646,60.411
1.0,322,60.712,72.014,60.446
1.0,323,61.147,72.149,60.747
1.0,324,61.382,72.251,60.649
1.0,325,61.584,72.353,61.018
1.0,326,61.519,72.354,60.953
1.0,327,61.72,72.556,61.288
1.0,328,61.955,72.991,61.623
1.0,329,62.257,73.459,61.991
1.0,330,62.159,73.694,61.96
1.0,331,62.294,74.029,62.028
1.0,332,62.429,74.264,61.996
1.0,333,62.597,74.966,62.265
1.0,334,62.599,75.201,62.633
1.0,335,63.534,75.803,63.001
1.0,336,64.035,75.738,63.136
1.0,337,64.337,76.106,63.605
1.0,338,64.705,76.241,63.34
1.0,339,64.874,76.409,63.341
1.0,340,65.309,76.311,63.343
1.0,341,65.277,76.346,63.445
1.0,342,65.279,76.514,63.813
1.0,343,65.447,76.549,64.181
1.0,344,65.482,76.584,64.15
1.0,345,65.55,76.919,64.318
1.0,346,65.685,77.021,64.12
1.0,347,65.887,77.289,64.555
1.0,348,66.122,77.858,64.79
1.0,349,66.124,77.859,64.791
1.0,350,66.225,78.194,64.726
1.0,351,66.36,78.396,64.695
1.0,352,66.329,78.298,64.763
1.0,353,66.597,78.566,64.698
1.0,354,66.899,78.668,64.833
1.0,355,67.4,79.103,65.435
1.0,356,67.569,79.304,65.603
1.0,357,67.804,79.406,65.905
1.0,358,68.005,79.974,66.273
1.0,359,68.074,80.176,66.208
1.0,360,68.375,80.478,66.11
1.0,361,68.777,80.579,66.378
1.0,362,69.079,80.714,66.813
1.0,363,69.547,81.116,67.315
1.0,364,69.515,81.184,67.283
1.0,365,69.617,81.119,67.318
1.0,366,69.485,81.054,67.253
1.0,367,69.554,81.356,67.555
1.0,368,69.555,81.858,67.79
1.0,369,69.757,81.893,67.791
1.0,370,69.759,82.161,67.56
1.0,371,70.327,82.096,67.861
1.0,372,70.462,82.298,68.063
1.0,373,71.097,82.966,68.565
1.0,374,71.232,83.034,68.966
1.0,375,71.267,83.336,68.868
1.0,376,71.435,83.538,68.97
1.0,377,71.704,83.639,69.005
1.0,378,71.805,83.908,69.106
1.0,379,71.84,84.176,69.008
1.0,380,71.909,84.378,68.876
1.0,381,72.077,84.646,69.345
1.0,382,72.079,84.581,69.18
1.0,383,72.314,84.749,69.015
1.0,384,72.549,84.851,69.183
1.0,385,72.55,84.786,69.151
1.0,386,72.619,85.121,69.22
1.0,387,72.654,85.323,69.455
1.0,388,72.789,85.458,69.756
1.0,389,72.891,85.626,70.091
1.0,390,72.692,85.795,70.026
1.0,391,72.827,85.93,69.961
1.0,392,72.596,85.898,70.163
1.0,393,72.664,86.033,70.065
1.0,394,72.832,86.168,70.033
1.0,395,73.301,86.203,70.435
1.0,396,73.536,86.205,70.67
1.0,397,73.671,86.14,70.471
1.0,398,73.839,86.308,70.94
1.0,399,73.741,86.676,71.075
1.0,400,74.042,86.511,71.643
1.0,401,74.277,86.846,71.945
1.0,402,74.312,86.915,72.18
1.0,403,74.147,86.983,72.315
1.0,404,74.149,87.485,72.65
1.0,405,74.651,87.753,72.751
1.0,406,75.019,87.888,73.253
1.0,407,74.987,88.023,73.188
1.0,408,75.089,88.525,73.656
1.0,409,75.324,88.626,73.725
1.0,410,75.492,88.661,73.826
1.0,411,75.661,88.963,73.861
1.0,412,75.862,88.965,73.796
1.0,413,75.797,89.166,73.832
1.0,414,75.932,89.268,73.867
1.0,415,76.101,89.703,73.802
1.0,416,76.069,89.638,73.87
1.0,417,76.437,89.906,74.072
1.0,418,76.406,90.375,74.44
1.0,419,76.674,90.31,74.942
1.0,420,76.709,90.545,75.21
1.0,421,76.877,90.68,75.412
1.0,422,77.279,91.015,75.813
1.0,423,77.947,91.883,76.348
1.0,424,78.082,91.918,76.35
1.0,425,78.151,92.22,76.552
1.0,426,78.252,92.021,76.687
1.0,427,78.354,92.19,76.688
1.0,428,78.622,92.259,76.823
1.0,429,78.991,92.327,76.925
1.0,430,79.126,92.662,76.96
1.0,431,79.061,92.797,76.995
1.0,432,79.162,92.732,76.997
1.0,433,79.564,92.7,77.498
1.0,434,79.732,92.669,77.733
1.0,435,79.867,92.537,78.135
1.0,436,79.736,92.605,78.07
1.0,437,80.037,93.074,78.338
1.0,438,80.206,93.175,78.14
1.0,439,80.407,93.844,78.342
1.0,440,80.742,94.212,78.443
1.0,441,81.244,94.68,78.678
1.0,442,81.346,94.749,79.013
1.0,443,81.614,95.117,79.048
1.0,444,81.549,95.452,79.25
1.0,445,81.851,95.554,79.452
1.0,446,81.952,95.855,79.42
1.0,447,81.987,96.257,79.488
1.0,448,82.289,96.225,79.523
1.0,449,82.557,96.227,79.925
1.0,450,82.526,96.462,79.927
1.0,451,82.627,96.897,79.962
1.0,452,82.796,97.265,80.363
1.0,453,82.864,97.3,80.265
1.0,454,82.899,97.335,80.233
1.0,455,83.201,97.737,80.469
1.0,456,83.102,97.972,80.637
1.0,457,83.604,98.407,81.205
1.0,458,83.739,98.709,81.108
1.0,459,83.907,98.81,81.043
1.0,460,84.509,99.279,81.378
1.0,461,84.577,99.38,81.613
1.0,462,85.012,99.349,81.581
1.0,463,85.247,99.55,81.816
1.0,464,85.216,99.585,81.851
1.0,465,85.317,99.854,81.919
1.0,466,85.186,100.222,82.588
1.0,467,85.221,100.29,82.489
1.0,468,85.489,100.292,82.691
1.0,469,86.124,100.894,83.259
1.0,470,86.426,101.262,83.928
1.0,471,86.294,101.53,84.129
1.0,472,86.429,101.599,84.164
1.0,473,86.597,101.534,84.133
1.0,474,86.766,101.669,84.201
1.0,475,86.634,101.637,84.403
1.0,476,86.836,101.639,84.504
1.0,477,86.971,101.607,84.406
1.0,478,86.872,101.809,84.441
1.0,479,86.807,102.111,84.343
1.0,480,86.976,102.579,84.478
1.0,481,87.211,103.014,84.879
1.0,482,87.212,103.382,85.281
1.0,483,87.647,103.684,85.683
1.0,484,87.582,103.952,85.684
1.0,485,87.751,104.221,85.786
1.0,486,87.786,104.322,86.021
1.0,487,87.621,104.391,85.856
1.0,488,87.756,104.426,85.958
1.0,489,87.824,104.427,85.826
1.0,490,87.759,104.662,85.628
1.0,491,87.861,104.797,85.929
1.0,492,88.296,105.132,86.464
1.0,493,88.364,105.367,86.633
1.0,494,88.166,105.402,86.501
1.0,495,88.101,105.471,86.403
1.0,496,88.102,105.472,86.338
1.0,497,88.071,106.041,86.706
1.0,498,88.406,106.309,86.774
1.0,499,88.374,106.944,87.176
1.0,500,88.609,107.279,87.344
1.0,501,88.744,107.481,87.213
1.0,502,89.046,107.716,87.381
1.0,503,89.147,107.851,87.383
1.0,504,88.916,107.986,87.451
1.0,505,88.951,108.288,87.953
1.0,506,89.152,108.789,88.021
1.0,507,89.121,108.624,88.056
1.0,508,89.456,109.126,88.258
1.0,509,89.791,109.228,88.326
1.0,510,89.792,109.23,88.261
1.0,511,89.827,109.298,88.296
1.0,512,89.829,109.4,88.098
1.0,513,89.698,109.635,87.967
1.0,514,89.866,109.87,88.035
1.0,515,89.901,110.205,88.537
1.0,516,90.103,110.473,88.572
1.0,517,89.972,110.475,88.54
1.0,518,90.073,110.643,88.709
1.0,519,90.075,110.711,88.71
1.0,520,89.977,110.58,88.679
1.0,521,89.878,110.515,88.747
1.0,522,89.947,110.316,88.915
1.0,523,90.082,110.518,89.017
1.0,524,90.117,110.587,89.119
1.0,525,90.385,110.555,89.254
1.0,526,90.62,110.69,89.222
1.0,527,91.022,111.125,89.457
1.0,528,91.09,111.26,89.392
1.0,529,90.992,111.362,89.26
1.0,530,90.96,111.963,89.229
1.0,531,90.962,112.032,89.064
1.0,532,90.763,112.133,88.965
1.0,533,90.898,112.202,88.767
1.0,534,91.167,112.637,89.269
1.0,535,91.402,112.872,89.67
1.0,536,91.77,113.173,90.005
1.0,537,91.838,113.442,89.974
1.0,538,91.507,113.51,90.009
1.0,539,91.342,113.612,89.844
1.0,540,91.31,113.847,89.979
1.0,541,91.612,114.348,90.047
1.0,542,91.58,114.217,89.982
1.0,543,91.815,114.318,90.05
1.0,544,91.85,114.653,90.419
1.0,545,91.918,114.855,90.487
1.0,546,91.953,115.123,90.622
1.0,547,92.055,115.392,90.59
1.0,548,92.357,115.727,90.692
1.0,549,92.426,115.763,91.194
1.0,550,92.261,115.865,91.295
1.0,551,92.363,116.166,91.164
1.0,552,92.698,116.635,91.332
1.0,553,92.6,116.803,91.2
1.0,554,92.435,116.938,91.102
1.0,555,92.203,117.04,91.104
1.0,556,92.905,117.741,91.372
1.0,557,92.84,117.91,91.24
1.0,558,93.008,118.045,91.209
1.0,559,92.844,118.48,91.378
1.0,560,93.045,118.648,91.246
1.0,561,92.88,118.683,91.115
1.0,562,92.683,118.885,90.95
1.0,563,92.585,118.953,90.918
1.0,564,92.686,119.155,90.986
1.0,565,92.821,119.556,91.255
1.0,566,92.723,119.591,91.023
1.0,567,93.058,120.226,91.291
1.0,568,93.026,120.295,91.126
1.0,569,92.961,120.396,90.961
1.0,570,92.996,120.965,91.296
1.0,571,93.031,120.966,91.498
1.0,572,93.3,121.035,91.533
1.0,573,93.768,121.603,91.901
1.0,574,93.97,122.038,92.07
1.0,575,94.138,122.14,91.838
1.0,576,94.173,122.408,91.706
1.0,577,94.575,122.643,91.975
1.0,578,94.676,122.678,92.043
1.0,579,94.545,122.613,91.945
1.0,580,94.646,123.048,92.08
1.0,581,94.481,123.05,91.948
1.0,582,94.283,123.085,91.85
1.0,583,94.785,123.62,92.185
1.0,584,95.186,123.755,92.587
1.0,585,95.121,123.89,92.455
1.0,586,95.323,123.892,92.523
1.0,587,95.425,123.827,92.558
1.0,588,95.626,123.795,92.393
1.0,589,95.595,123.963,92.195
1.0,590,95.73,123.965,92.23
1.0,591,95.931,124.2,92.498
1.0,592,95.8,124.302,92.467
1.0,593,95.935,124.503,92.535
1.0,594,95.836,124.772,92.27
1.0,595,95.605,124.973,92.272
1.0,596,95.773,125.775,92.807
1.0,597,95.708,126.01,92.842
1.0,598,95.843,126.345,93.177
1.0,599,95.945,126.847,93.378
1.0,600,96.413,127.448,93.413
1.0,601,96.681,127.683,93.215
1.0,602,96.783,127.985,93.183
1.0,603,97.185,128.487,93.352
1.0,604,97.153,128.522,93.587
1.0,605,97.088,128.623,93.455
1.0,606,97.423,129.058,93.657
1.0,607,97.358,129.127,93.792
1.0,608,97.726,129.262,93.727
1.0,609,97.695,129.363,93.828
1.0,610,98.063,129.632,93.897
1.0,611,98.565,129.933,94.332
1.0,612,99.266,130.468,94.767
1.0,613,99.668,130.637,94.935
1.0,614,99.903,130.839,95.07
1.0,615,100.071,130.941,95.438
1.0,616,99.973,131.276,95.64
1.0,617,99.941,131.211,95.508
1.0,618,100.31,131.046,95.277
1.0,619,100.311,130.914,95.278
1.0,620,100.346,130.749,95.513
1.0,621,100.548,130.884,95.782
1.0,622,100.583,130.819,95.583
1.0,623,100.818,131.254,95.452
1.0,624,100.82,131.122,95.687
1.0,625,100.788,131.291,95.655
1.0,626,100.823,131.192,95.757
1.0,627,101.125,131.194,96.125
1.0,628,101.226,131.429,96.16
1.0,629,101.228,131.531,95.995
1.0,630,101.63,132.299,96.13
1.0,631,101.665,132.567,96.132
1.0,632,101.533,132.602,95.967
1.0,633,101.701,132.571,95.935
1.0,634,101.836,132.706,96.104
1.0,635,102.105,132.874,96.372
1.0,636,101.973,133.242,96.14
1.0,637,101.908,133.277,96.175
1.0,638,102.376,134.012,96.477
1.0,639,102.478,134.081,96.612
1.0,640,102.413,134.116,96.38
1.0,641,102.415,134.351,96.315
1.0,642,102.616,134.686,96.384
1.0,643,102.685,134.821,96.585
1.0,644,102.786,135.056,96.754
1.0,645,102.888,135.091,96.655
1.0,646,103.39,135.593,97.124
1.0,647,103.725,135.628,97.225
1.0,648,103.76,135.663,97.227
1.0,649,103.861,135.598,97.362
1.0,650,103.996,135.766,97.364
1.0,651,104.131,135.834,97.665
1.0,652,104.133,135.903,98.2
1.0,653,103.868,136.104,98.469
1.0,654,104.103,136.439,98.37
1.0,655,104.338,136.674,98.505
1.0,656,104.273,136.976,98.84
1.0,657,104.741,137.544,99.109
1.0,658,104.976,137.646,99.81
1.0,659,104.678,138.248,100.112
1.0,660,104.746,138.383,100.014
1.0,661,104.981,138.451,99.982
1.0,662,104.816,138.453,99.784
1.0,663,104.751,138.688,99.952
1.0,664,104.653,138.923,100.187
1.0,665,104.621,138.958,100.256
1.0,666,104.956,139.426,100.391
1.0,667,105.058,139.728,100.492
1.0,668,105.16,139.896,100.494
1.0,669,105.495,140.498,100.862
1.0,670,105.13,140.566,100.931
1.0,671,105.565,140.968,101.399
1.0,672,105.766,140.97,101.334
1.0,673,105.635,141.305,101.436
1.0,674,105.636,141.773,101.471
1.0,675,105.538,141.775,101.372
1.0,676,105.707,142.176,101.441
1.0,677,106.142,142.278,101.809
1.0,678,106.143,142.68,101.711
1.0,679,106.512,142.781,101.579
1.0,680,106.98,142.516,101.914
1.0,681,107.715,142.685,102.482
1.0,682,107.617,142.686,102.417
1.0,683,107.385,142.721,102.186
1.0,684,107.153,142.756,102.254
1.0,685,107.188,142.891,102.189
1.0,686,107.69,143.293,102.224
1.0,687,107.625,143.595,102.059
1.0,688,107.86,143.963,101.994
1.0,689,108.228,144.032,102.262
1.0,690,108.463,143.867,102.431
1.0,691,108.565,144.102,102.466
1.0,692,108.8,144.337,102.367
1.0,693,109.102,144.772,102.369
1.0,694,109.57,145.04,102.237
1.0,695,110.105,145.342,102.772
1.0,696,110.34,145.344,102.774
1.0,697,110.442,145.479,102.676
1.0,698,110.277,145.58,102.511
1.0,699,110.312,145.682,102.446
1.0,700,110.38,145.95,102.248
1.0,701,110.382,146.285,102.35
1.0,702,110.617,146.654,102.485
1.0,703,110.685,146.655,102.453
1.0,704,110.953,146.924,102.688
1.0,705,111.522,147.059,103.19
1.0,706,111.59,147.427,103.291
1.0,707,111.658,147.562,103.226
1.0,708,111.76,147.664,103.128
1.0,709,111.628,148.099,103.063
1.0,710,111.93,148.467,103.498
1.0,711,112.032,148.535,103.566
1.0,712,112.167,148.371,104.001
1.0,713,112.568,148.64,104.436
1.0,714,112.77,148.741,104.805
1.0,715,112.972,148.81,104.873
1.0,716,113.14,149.178,105.208
1.0,717,113.275,149.68,105.376
1.0,718,113.21,149.648,105.345
1.0,719,113.712,150.016,105.48
1.0,720,113.68,150.418,105.482
1.0,721,113.648,150.52,105.417
1.0,722,113.783,150.688,105.618
1.0,723,113.885,150.89,105.853
1.0,724,114.187,151.391,105.955
1.0,725,114.122,151.726,106.29
1.0,726,114.29,151.795,106.525
1.0,727,114.558,151.73,106.893
1.0,728,115.593,152.331,107.795
1.0,729,115.562,152.4,107.63
1.0,730,115.63,152.901,107.932
1.0,731,115.465,153.003,107.8
1.0,732,115.833,152.938,107.735
1.0,733,115.868,153.073,107.903
1.0,734,115.937,153.275,108.005
1.0,735,115.805,153.376,107.807
1.0,736,116.207,153.711,107.908
1.0,737,116.475,154.013,108.077
1.0,738,116.677,154.548,108.278
1.0,739,116.678,154.716,108.48
1.0,740,116.813,154.685,108.715
1.0,741,116.815,154.92,108.783
1.0,742,116.65,155.221,108.752
1.0,743,116.685,155.556,108.82
1.0,744,116.82,155.591,108.888
1.0,745,116.922,155.793,108.99
1.0,746,117.29,156.095,109.658
1.0,747,116.892,156.296,109.76
1.0,748,116.793,156.365,109.762
1.0,749,116.928,156.566,110.23
1.0,750,116.83,156.601,110.565
1.0,751,117.498,157.136,111.1
1.0,752,117.567,157.371,111.068
1.0,753,117.468,157.673,111.037
1.0,754,117.97,158.175,111.205
1.0,755,117.938,158.376,111.24
1.0,756,118.107,158.878,111.108
1.0,757,118.008,158.846,110.877
1.0,758,118.61,158.715,111.312
1.0,759,118.412,158.883,111.447
1.0,760,118.713,159.418,111.815
1.0,761,118.848,159.42,111.85
1.0,762,118.783,159.655,111.819
1.0,763,118.985,159.99,112.02
1.0,764,118.82,160.158,111.955
1.0,765,118.888,160.726,111.99
1.0,766,118.823,160.728,112.159
1.0,767,118.825,161.163,112.46
1.0,768,118.86,161.198,112.362
1.0,769,119.028,161.5,112.33
1.0,770,118.997,161.901,112.232
1.0,771,118.899,161.837,112.5
1.0,772,119.534,162.106,113.035
1.0,773,119.369,162.307,112.77
1.0,774,119.571,162.209,112.705
1.0,775,119.706,162.244,113.274
1.0,776,119.707,162.446,113.442
1.0,777,119.876,162.547,113.744
1.0,778,120.311,162.849,114.212
1.0,779,121.079,163.152,114.747
1.0,780,121.348,163.187,115.149
1.0,781,121.283,163.456,115.35
1.0,782,121.385,163.691,115.519
1.0,783,121.52,164.226,115.454
1.0,784,121.621,164.295,115.289
1.0,785,121.756,164.897,115.524
1.0,786,121.925,165.099,115.526
1.0,787,121.893,165.334,115.528
1.0,788,122.028,165.535,115.863
1.0,789,121.896,165.87,116.231
1.0,790,122.098,166.172,116.599
1.0,791,122.266,166.207,116.401
1.0,792,122.235,166.375,116.669
1.0,793,122.27,166.844,117.004
1.0,794,122.238,167.179,117.206
1.0,795,122.473,166.914,117.674
1.0,796,123.008,167.182,118.443
1.0,797,123.143,167.284,118.211
1.0,798,123.645,167.452,118.479
1.0,799,123.447,167.687,118.314
1.0,800,123.582,168.155,118.349
1.0,801,123.35,168.357,118.451
1.0,802,123.285,168.525,118.353
1.0,803,123.553,168.96,118.254
1.0,804,123.655,169.295,118.323
1.0,805,123.523,169.264,118.258
1.0,806,123.558,169.499,118.259
1.0,807,123.327,169.367,117.994
1.0,808,123.428,169.635,118.163
1.0,809,123.363,169.737,118.264
1.0,810,123.598,170.005,118.266
1.0,811,123.867,170.174,118.668
1.0,812,124.068,170.575,118.836
1.0,813,124.437,171.077,119.238
1.0,814,124.472,171.645,119.639
1.0,815,124.473,171.88,120.008
1.0,816,124.242,172.049,120.209
1.0,817,124.243,172.25,120.311
1.0,818,124.112,172.585,120.213
1.0,819,124.58,173.22,120.681
1.0,820,124.682,173.322,120.949
1.0,821,124.584,173.257,121.051
1.0,822,124.685,173.625,121.186
1.0,823,124.654,173.794,120.988
1.0,824,124.655,173.862,120.723
1.0,825,124.824,174.33,120.858
1.0,826,124.559,174.533,120.66
1.0,827,124.428,174.701,120.595
1.0,828,124.329,174.869,120.663
1.0,829,124.731,175.438,121.032
1.0,830,124.433,175.506,121.167
1.0,831,124.434,175.708,121.102
1.0,832,124.369,175.943,121.203
1.0,833,124.138,176.544,121.605
1.0,834,124.506,177.113,121.907
1.0,835,124.374,177.548,122.108
1.0,836,124.276,177.516,121.91
1.0,837,124.678,177.351,122.578
1.0,838,124.646,177.386,122.513
1.0,839,124.548,177.288,122.315
1.0,840,124.649,177.356,122.217
1.0,841,124.785,177.791,122.618
1.0,842,124.886,177.893,122.887
1.0,843,124.921,178.128,122.522
1.0,844,125.356,178.263,123.09
1.0,845,125.158,178.398,123.358
1.0,846,125.326,178.666,123.193
1.0,847,125.695,178.568,123.995
1.0,848,125.863,178.703,124.163
1.0,849,125.865,178.804,124.465
1.0,850,125.9,179.073,124.333
1.0,851,125.968,179.141,124.368
1.0,852,126.303,179.243,124.503
1.0,853,126.472,179.544,124.505
1.0,854,126.907,179.779,124.773
1.0,855,126.842,179.814,124.775
1.0,856,126.977,180.016,125.143
1.0,857,126.745,179.984,125.012
1.0,858,126.647,179.986,125.013
1.0,859,126.815,180.021,124.948
1.0,860,126.85,180.023,125.083
1.0,861,126.785,180.158,125.052
1.0,862,126.62,180.359,125.087
1.0,863,127.222,180.761,125.588
1.0,864,127.157,181.196,125.79
1.0,865,126.958,181.264,125.792
1.0,866,127.227,181.2,125.927
1.0,867,127.495,181.268,126.162
1.0,868,127.697,181.703,126.363
1.0,869,127.732,182.038,126.565
1.0,870,127.9,182.173,126.367
1.0,871,127.935,182.208,126.302
1.0,872,127.903,182.376,126.503
1.0,873,128.005,182.545,126.905
1.0,874,127.973,182.813,127.073
1.0,875,127.775,182.981,127.142
1.0,876,127.977,183.15,127.31
1.0,877,128.278,183.518,127.912
1.0,878,128.413,183.686,128.113
1.0,879,128.615,183.655,128.382
1.0,880,128.617,183.923,128.45
1.0,881,129.085,184.291,128.685
1.0,882,129.02,184.493,128.887
1.0,883,129.355,184.628,129.255
1.0,884,129.123,184.63,129.157
1.0,885,129.158,184.698,129.225
1.0,886,128.86,184.7,129.26
1.0,887,129.428,184.535,129.928
1.0,888,129.597,184.603,130.197
1.0,889,129.565,184.738,130.333
1.0,890,129.667,185.073,130.434
1.0,891,129.835,185.275,130.636
1.0,892,129.937,185.343,130.838
1.0,893,129.772,185.111,131.206
1.0,894,129.873,185.18,131.108
1.0,895,130.575,185.681,131.576
1.0,896,130.377,185.85,131.478
1.0,897,130.612,186.351,131.779
1.0,898,130.447,186.62,131.614
1.0,899,130.615,187.021,131.549
1.0,900,130.683,187.29,131.584
1.0,901,130.785,187.491,131.619
1.0,902,130.987,187.56,131.854
1.0,903,131.255,187.428,132.289
1.0,904,131.59,187.796,132.724
1.0,905,131.525,187.698,132.659
1.0,906,131.793,188.033,132.761
1.0,907,131.828,188.135,132.896
1.0,908,131.963,188.37,132.864
1.0,909,132.298,188.705,133.366
1.0,910,132.533,189.073,133.968
1.0,911,132.768,189.241,134.036
1.0,912,132.903,189.376,134.171
1.0,913,133.305,189.478,134.273
1.0,914,134.207,189.78,134.908
1.0,915,134.375,189.915,134.976
1.0,916,134.743,189.85,134.944
1.0,917,134.912,190.185,135.513
1.0,918,135.247,190.686,135.981
1.0,919,135.582,190.955,135.949
1.0,920,135.883,191.323,135.918
1.0,921,135.952,191.491,136.019
1.0,922,135.92,191.66,135.954
1.0,923,136.588,192.295,136.456
1.0,924,136.223,192.363,136.358
1.0,925,136.025,192.598,136.26
1.0,926,135.893,192.8,136.428
1.0,927,135.895,193.101,136.363
1.0,928,135.83,193.303,136.331
1.0,929,135.598,193.338,136.266
1.0,930,135.867,193.24,136.368
1.0,931,135.635,193.475,136.47
1.0,932,135.437,193.743,136.338
1.0,933,135.372,193.811,136.273
1.0,934,136.14,193.68,136.908
1.0,935,136.108,193.748,137.11
1.0,936,136.01,193.616,136.978
1.0,937,135.878,193.685,137.046
1.0,938,135.68,194.086,137.081
1.0,939,135.815,194.121,137.45
1.0,940,135.883,194.123,137.318
1.0,941,135.918,194.125,137.453
1.0,942,136.053,194.493,137.455
1.0,943,136.355,194.661,137.623
1.0,944,136.39,194.763,137.525
1.0,945,136.592,194.831,137.726
1.0,946,136.427,194.666,137.628
1.0,947,136.528,194.468,137.73
1.0,948,136.597,194.57,137.931
1.0,949,136.398,194.805,137.9
1.0,950,136.4,195.073,137.868
1.0,951,136.568,195.141,137.903
1.0,952,136.804,195.543,138.205
1.0,953,136.772,195.511,138.44
1.0,954,136.707,195.713,138.608
1.0,955,136.842,195.748,138.476
1.0,956,137.011,195.816,138.445
1.0,957,137.012,196.051,138.48
1.0,958,137.114,196.253,138.448
1.0,959,137.549,196.421,138.816
1.0,960,137.517,196.623,138.885
1.0,961,137.552,196.525,138.886
1.0,962,137.521,196.76,138.688
1.0,963,138.022,197.095,138.956
1.0,964,137.991,197.263,138.991
1.0,965,137.892,197.365,138.86
1.0,966,138.027,197.3,138.995
1.0,967,138.329,197.735,139.096
1.0,968,138.197,197.77,138.965
1.0,969,138.332,198.171,138.733
1.0,970,138.234,198.306,138.501
1.0,971,138.236,198.541,138.37
1.0,972,138.104,198.676,138.438
1.0,973,137.772,199.078,138.406
1.0,974,138.141,199.28,138.641
1.0,975,138.042,199.681,138.81
1.0,976,137.911,199.716,138.711
1.0,977,137.712,199.785,138.48
1.0,978,137.681,199.82,138.648
1.0,979,138.016,200.022,138.716
1.0,980,138.717,200.757,139.218
1.0,981,138.652,200.959,139.22
1.0,982,138.754,201.26,139.221
1.0,983,138.989,201.795,139.59
1.0,984,139.024,202.03,139.658
1.0,985,139.292,202.399,139.993
1.0,986,138.961,202.234,140.461
1.0,987,139.196,202.902,140.697
1.0,988,139.097,203.07,140.732
1.0,989,138.866,203.105,140.567
1.0,990,139.201,203.14,140.636
1.0,991,139.202,203.375,140.737
1.0,992,139.071,203.51,140.972
1.0,993,139.272,203.812,141.207
1.0,994,139.641,204.247,141.576
1.0,995,139.709,204.649,141.811
1.0,996,139.677,204.717,141.579
1.0,997,139.946,204.619,141.781
1.0,998,139.914,204.887,141.949
1.0,999,140.049,205.089,142.017
1.0,1000,139.951,205.158,141.886
1.0,1001,139.919,205.359,141.821
1.0,1002,140.121,205.794,141.789
1.0,1003,140.689,206.396,142.191
1.0,1004,140.457,206.431,142.092
1.0,1005,140.692,206.866,142.227
1.0,1006,140.827,207.468,142.596
1.0,1007,141.029,207.637,142.631
1.0,1008,140.831,207.639,142.332
1.0,1009,140.766,207.507,142.301
1.0,1010,140.801,207.875,142.302
1.0,1011,141.236,208.444,142.504
1.0,1012,141.337,208.712,142.306
1.0,1013,141.506,208.88,142.541
1.0,1014,141.741,208.949,142.909
1.0,1015,142.076,209.251,143.178
1.0,1016,142.511,209.386,143.947
1.0,1017,142.913,209.521,144.482
1.0,1018,143.248,209.956,144.817
1.0,1019,143.15,210.158,144.852
1.0,1020,143.118,210.16,144.853
1.0,1021,143.253,210.295,145.188
1.0,1022,143.421,210.396,145.257
1.0,1023,143.523,210.532,145.758
1.0,1024,143.291,210.601,145.76
1.0,1025,143.16,210.636,145.862
1.0,1026,143.295,211.038,145.863
1.0,1027,143.33,211.106,145.598
1.0,1028,143.465,211.041,145.833
1.0,1029,144.0,211.51,146.268
1.0,1030,144.001,211.712,146.203
1.0,1031,144.07,211.98,146.205
1.0,1032,143.905,212.182,146.34
1.0,1033,143.673,212.183,146.342
1.0,1034,143.508,212.185,146.143
1.0,1035,143.643,212.153,146.078
1.0,1036,143.511,212.255,145.947
1.0,1037,143.446,212.423,146.182
1.0,1038,143.681,212.958,146.383
1.0,1039,144.116,212.96,146.518
1.0,1040,144.251,213.195,146.387
1.0,1041,143.92,213.397,146.688
1.0,1042,144.355,213.898,147.157
1.0,1043,144.19,213.9,147.125
1.0,1044,144.025,213.935,147.06
1.0,1045,143.96,214.037,147.195
1.0,1046,144.662,214.738,147.897
1.0,1047,144.43,214.74,147.732
1.0,1048,144.832,215.142,148.067
1.0,1049,144.867,215.11,148.135
1.0,1050,145.202,215.212,148.437
1.0,1051,145.17,215.28,148.538
1.0,1052,145.272,215.482,148.34
1.0,1053,145.174,215.65,148.375
1.0,1054,144.975,215.885,148.443
1.0,1055,144.977,216.153,148.412
1.0,1056,145.012,216.355,148.513
1.0,1057,145.114,216.59,148.582
1.0,1058,144.915,216.758,148.783
1.0,1059,145.117,216.927,148.752
1.0,1060,145.052,216.828,148.687
1.0,1061,144.987,216.997,148.722
1.0,1062,144.755,216.966,148.557
1.0,1063,144.89,217.167,148.592
1.0,1064,144.626,217.269,149.16
1.0,1065,144.861,217.104,149.495
1.0,1066,144.796,217.439,149.663
1.0,1067,144.764,217.574,149.732
1.0,1068,144.999,217.776,150.067
1.0,1069,144.901,218.077,150.168
1.0,1070,144.969,218.379,150.27
1.0,1071,144.904,218.847,150.372
1.0,1072,145.039,219.049,150.34
1.0,1073,145.207,219.584,150.475
1.0,1074,144.909,219.752,150.243
1.0,1075,144.644,219.821,150.212
1.0,1076,144.879,220.256,150.48
1.0,1077,145.147,220.425,150.515
1.0,1078,144.949,220.46,150.483
1.0,1079,144.884,220.595,150.385
1.0,1080,145.052,220.763,150.42
1.0,1081,145.187,220.998,150.655
1.0,1082,145.322,221.4,150.79
1.0,1083,145.357,221.635,150.758
1.0,1084,145.559,221.57,150.693
1.0,1085,145.561,221.771,150.728
1.0,1086,146.096,221.706,151.097
1.0,1087,145.731,221.941,151.065
1.0,1088,145.832,222.543,151.367
1.0,1089,145.567,222.845,151.502
1.0,1090,145.702,222.946,151.737
1.0,1091,145.471,223.215,152.038
1.0,1092,145.572,223.35,151.973
1.0,1093,145.541,223.551,151.842
1.0,1094,145.409,223.853,151.843
1.0,1095,145.311,224.155,152.012
1.0,1096,145.312,224.49,152.18
1.0,1097,145.347,224.358,152.348
1.0,1098,145.249,224.393,152.617
1.0,1099,145.384,224.528,152.952
1.0,1100,145.386,224.696,152.92
1.0,1101,145.554,224.965,152.988
1.0,1102,145.589,225.033,153.257
1.0,1103,145.624,225.268,153.192
1.0,1104,146.092,225.703,153.593
1.0,1105,146.027,226.105,153.762
1.0,1106,145.929,226.04,153.997
1.0,1107,145.997,226.341,154.098
1.0,1108,146.299,226.376,154.033
1.0,1109,146.401,226.645,154.202
1.0,1110,146.436,226.713,154.57
1.0,1111,146.604,226.815,154.672
1.0,1112,146.772,227.05,154.94
1.0,1113,146.674,227.352,154.808
1.0,1114,146.876,227.853,154.743
1.0,1115,147.144,228.355,155.078
1.0,1116,147.046,228.857,155.247
1.0,1117,147.181,229.058,155.315
1.0,1118,146.949,229.094,155.75
1.0,1119,146.784,229.295,155.585
1.0,1120,146.986,229.664,155.587
1.0,1121,147.054,229.832,155.388
1.0,1122,146.989,229.834,155.457
1.0,1123,146.724,230.169,155.325
1.0,1124,146.826,230.304,155.293
1.0,1125,146.861,230.439,155.295
1.0,1126,147.196,230.774,155.297
1.0,1127,147.397,230.675,155.398
1.0,1128,147.566,230.91,155.3
1.0,1129,147.434,231.112,155.202
1.0,1130,147.502,231.014,154.903
1.0,1131,147.904,230.882,155.172
1.0,1132,148.573,231.284,155.94
1.0,1133,148.541,231.252,156.042
1.0,1134,148.476,231.587,156.043
1.0,1135,148.278,231.722,156.145
1.0,1136,148.346,231.991,156.18
1.0,1137,148.514,231.926,155.949
1.0,1138,148.616,232.127,155.884
1.0,1139,149.018,232.063,156.619
1.0,1140,148.887,232.331,156.82
1.0,1141,149.088,232.8,156.855
1.0,1142,149.29,232.901,157.09
1.0,1143,149.092,233.036,156.992
1.0,1144,148.96,233.038,157.127
1.0,1145,149.262,233.007,157.096
1.0,1146,149.297,233.175,157.197
1.0,1147,149.165,233.277,157.399
1.0,1148,149.067,233.479,157.634
1.0,1149,149.002,233.347,157.736
1.0,1150,149.204,233.583,158.171
1.0,1151,149.105,233.684,158.106
1.0,1152,149.107,234.019,158.307
1.0,1153,149.042,234.321,158.476
1.0,1154,148.844,234.223,158.277
1.0,1155,148.812,234.224,158.279
1.0,1156,149.014,233.827,158.514
1.0,1157,148.983,234.128,158.549
1.0,1158,148.851,234.03,158.384
1.0,1159,148.753,233.898,158.452
1.0,1160,148.954,233.833,158.621
1.0,1161,148.956,233.802,158.756
1.0,1162,149.024,234.27,158.991
1.0,1163,149.193,234.372,159.192
1.0,1164,149.161,234.473,159.094
1.0,1165,149.529,234.875,159.229
1.0,1166,149.598,234.743,159.464
1.0,1167,149.799,234.612,159.666
1.0,1168,149.834,234.88,159.867
1.0,1169,149.869,234.982,159.836
1.0,1170,150.104,235.483,159.771
1.0,1171,150.306,235.685,160.239
1.0,1172,150.308,235.72,160.274
1.0,1173,150.076,235.755,160.176
1.0,1174,150.011,235.923,160.177
1.0,1175,150.279,236.258,160.612
1.0,1176,150.314,236.36,161.014
1.0,1177,150.383,236.528,161.116
1.0,1178,150.484,236.897,161.284
1.0,1179,150.353,236.965,161.219
1.0,1180,150.488,237.133,161.354
1.0,1181,150.356,237.235,161.456
1.0,1182,150.391,237.27,161.357
1.0,1183,150.593,237.472,161.626
1.0,1184,150.794,237.54,161.961
1.0,1185,150.729,237.442,161.729
1.0,1186,150.764,237.343,162.164
1.0,1187,150.666,237.178,161.966
1.0,1188,150.901,237.28,162.134
1.0,1189,151.103,237.215,162.469
1.0,1190,150.938,237.083,162.404
1.0,1191,151.106,237.385,162.606
1.0,1192,151.175,237.687,162.874
1.0,1193,151.11,237.688,162.842
1.0,1194,151.345,238.123,163.211
1.0,1195,151.513,238.192,163.346
1.0,1196,151.315,238.26,163.347
1.0,1197,151.183,238.095,162.949
1.0,1198,151.085,238.097,163.084
1.0,1199,150.886,238.132,162.886
1.0,1200,151.021,238.133,162.821
1.0,1201,150.923,238.268,162.856
1.0,1202,151.025,238.137,162.824
1.0,1203,150.926,238.338,162.826
1.0,1204,151.028,238.607,162.994
1.0,1205,151.13,238.775,162.929
1.0,1206,151.531,238.91,163.297
1.0,1207,151.566,239.145,163.266
1.0,1208,151.668,239.28,163.401
1.0,1209,151.403,239.348,163.202
1.0,1210,151.405,239.383,163.271
1.0,1211,151.406,239.585,163.339
1.0,1212,151.341,239.553,163.241
1.0,1213,151.043,239.722,163.342
1.0,1214,151.145,239.957,163.244
1.0,1215,150.913,240.058,163.112
1.0,1216,151.015,240.16,163.081
1.0,1217,151.05,240.295,163.216
1.0,1218,150.951,240.597,163.284
1.0,1219,150.653,240.732,163.119
1.0,1220,150.688,240.8,163.154
1.0,1221,150.723,241.002,163.356
1.0,1222,150.625,241.103,163.291
1.0,1223,150.693,241.272,163.692
1.0,1224,150.761,241.34,163.394
1.0,1225,150.83,241.842,163.696
1.0,1226,151.065,242.31,164.031
1.0,1227,151.233,242.812,164.032
1.0,1228,151.068,242.947,163.867
1.0,1229,151.636,243.082,164.402
1.0,1230,151.605,243.283,164.204
1.0,1231,151.373,243.252,163.972
1.0,1232,151.441,243.587,164.074
1.0,1233,151.543,243.888,164.209
1.0,1234,151.411,243.923,163.977
1.0,1235,151.18,244.192,163.712
1.0,1236,151.081,244.16,163.714
1.0,1237,151.483,244.562,163.783
1.0,1238,151.418,244.563,163.751
1.0,1239,151.653,244.665,164.053
1.0,1240,151.655,244.5,164.355
1.0,1241,151.723,244.668,164.323
1.0,1242,151.691,244.87,164.391
1.0,1243,151.593,245.138,164.26
1.0,1244,151.628,245.207,164.495
1.0,1245,151.563,245.208,164.496
1.0,1246,152.431,245.744,165.031
1.0,1247,152.266,245.812,164.766
1.0,1248,152.835,245.914,165.468
1.0,1249,152.703,246.049,165.636
1.0,1250,152.838,246.251,165.505
1.0,1251,152.606,246.252,165.373
1.0,1252,152.941,246.121,165.575
1.0,1253,152.81,246.223,165.476
1.0,1254,153.011,246.191,165.778
1.0,1255,153.146,245.993,165.613
1.0,1256,153.381,246.561,166.081
1.0,1257,153.316,246.496,165.85
1.0,1258,153.318,246.598,165.818
1.0,1259,153.686,246.366,166.02
1.0,1260,154.055,246.801,166.288
1.0,1261,153.756,247.003,166.09
1.0,1262,153.791,247.104,166.125
1.0,1263,154.193,247.439,166.46
1.0,1264,154.428,247.708,166.995
1.0,1265,154.796,247.809,167.496
1.0,1266,155.098,248.178,167.998
1.0,1267,154.966,248.246,168.066
1.0,1268,155.201,248.514,168.068
1.0,1269,155.47,249.183,168.27
1.0,1270,155.705,249.384,168.405
1.0,1271,156.006,249.519,168.54
1.0,1272,156.008,249.788,168.541
1.0,1273,156.143,250.156,168.576
1.0,1274,155.978,250.158,168.845
1.0,1275,155.88,250.393,168.846
1.0,1276,155.781,250.561,168.648
1.0,1277,156.316,250.929,169.05
1.0,1278,156.519,251.098,169.351
1.0,1279,156.654,251.466,169.42
1.0,1280,156.555,251.368,169.355
1.0,1281,156.657,251.603,169.456
1.0,1282,156.959,251.904,169.925
1.0,1283,156.86,252.039,170.126
1.0,1284,157.362,252.741,170.528
1.0,1285,156.997,252.709,170.596
1.0,1286,157.132,252.944,170.698
1.0,1287,156.867,253.246,170.733
1.0,1288,157.502,253.914,170.968
1.0,1289,157.337,253.983,170.903
1.0,1290,157.405,254.084,170.938
1.0,1291,157.441,254.353,171.473
1.0,1292,157.376,254.688,171.708
1.0,1293,157.277,254.489,171.71
1.0,1294,157.146,254.424,171.812
1.0,1295,157.281,254.559,172.013
1.0,1296,157.149,254.594,171.915
1.0,1297,157.117,254.43,171.883
1.0,1298,157.252,254.598,172.352
1.0,1299,158.021,255.066,172.82
1.0,1300,158.189,255.101,173.022
1.0,1301,158.324,255.47,173.257
1.0,1302,158.759,255.638,173.192
1.0,1303,158.694,255.806,173.327
1.0,1304,158.496,255.675,173.128
1.0,1305,158.731,255.576,173.363
1.0,1306,158.832,255.945,173.598
1.0,1307,158.701,256.346,173.667
1.0,1308,159.236,257.282,174.302
1.0,1309,159.604,257.583,174.337
1.0,1310,159.606,257.818,174.705
1.0,1311,159.774,258.32,175.073
1.0,1312,159.742,258.355,175.075
1.0,1313,160.044,258.59,175.21
1.0,1314,159.979,258.492,174.945
1.0,1315,160.214,258.493,175.247
1.0,1316,160.349,258.428,175.315
1.0,1317,160.384,258.23,175.45
1.0,1318,160.352,258.465,175.352
1.0,1319,160.487,258.667,175.053
1.0,1320,160.256,258.668,175.155
1.0,1321,160.357,258.87,175.523
1.0,1322,160.659,259.072,175.692
1.0,1323,160.327,259.307,175.627
1.0,1324,160.329,259.442,175.695
1.0,1325,160.531,259.477,175.797
1.0,1326,160.666,259.412,176.132
1.0,1327,161.001,259.747,176.367
1.0,1328,161.002,259.915,176.568
1.0,1329,160.871,260.15,176.67
1.0,1330,161.239,260.818,176.905
1.0,1331,161.307,261.12,176.907
1.0,1332,161.209,261.188,177.042
1.0,1333,161.544,261.657,177.31
1.0,1334,161.479,261.892,177.278
1.0,1335,161.648,261.927,177.58
1.0,1336,161.749,262.096,177.515
1.0,1337,161.984,262.497,177.65
1.0,1338,162.453,263.199,178.085
1.0,1339,162.421,263.467,178.187
1.0,1340,162.257,263.536,178.322
1.0,1341,162.192,263.538,178.257
1.0,1342,161.993,263.706,178.192
1.0,1343,161.762,263.708,178.127
1.0,1344,162.397,264.143,178.428
1.0,1345,162.298,264.178,178.397
1.0,1346,162.167,264.246,178.598
1.0,1347,162.468,264.715,178.5
1.0,1348,162.57,264.916,178.302
1.0,1349,162.605,264.818,178.003
1.0,1350,162.673,264.953,178.038
1.0,1351,162.708,265.121,177.94
1.0,1352,162.843,265.49,178.242
1.0,1353,162.878,265.558,178.377
1.0,1354,162.947,265.826,178.478
1.0,1355,162.982,265.962,178.913
1.0,1356,163.25,265.964,179.248
1.0,1357,163.118,266.166,179.417
1.0,1358,163.22,266.234,179.418
1.0,1359,163.555,266.636,179.653
1.0,1360,163.423,266.937,179.588
1.0,1361,163.625,267.372,179.823
1.0,1362,163.593,267.307,179.592
1.0,1363,163.428,267.442,179.427
1.0,1364,163.363,267.277,179.462
1.0,1365,163.098,267.546,179.397
1.0,1366,162.933,267.814,179.565
1.0,1367,162.868,268.216,179.3
1.0,1368,163.037,268.384,179.502
1.0,1369,162.972,268.452,179.703
1.0,1370,162.673,268.721,179.805
1.0,1371,162.775,268.789,179.573
1.0,1372,163.077,268.657,179.908
1.0,1373,163.012,268.626,179.71
1.0,1374,163.28,268.627,179.778
1.0,1375,163.182,268.729,179.913
1.0,1376,162.85,268.597,179.815
1.0,1377,162.652,268.466,179.617
1.0,1378,162.62,268.301,179.652
1.0,1379,162.955,268.669,180.087
1.0,1380,163.457,268.904,180.156
1.0,1381,163.392,269.206,180.191
1.0,1382,163.727,269.342,180.359
1.0,1383,163.695,269.344,180.394
1.0,1384,163.663,269.545,180.662
1.0,1385,163.865,269.68,180.931
1.0,1386,163.767,270.049,180.732
1.0,1387,163.902,269.951,180.701
1.0,1388,164.337,270.419,181.002
1.0,1389,164.072,270.421,181.004
1.0,1390,164.007,270.49,181.072
1.0,1391,163.808,270.558,181.007
1.0,1392,163.71,270.493,180.876
1.0,1393,163.945,270.895,181.077
1.0,1394,163.647,270.896,181.046
1.0,1395,163.715,271.298,181.414
1.0,1396,163.583,271.333,181.449
1.0,1397,163.818,271.568,181.817
1.0,1398,163.72,271.603,181.852
1.0,1399,163.722,271.871,182.154
1.0,1400,163.79,272.206,182.322
1.0,1401,163.892,272.275,182.624
1.0,1402,164.227,272.81,182.826
1.0,1403,164.195,272.878,182.827
1.0,1404,164.33,273.046,182.896
1.0,1405,164.332,273.015,182.864
1.0,1406,164.867,273.016,182.999
1.0,1407,165.268,273.485,183.334
1.0,1408,165.17,273.786,183.302
1.0,1409,165.038,273.755,183.237
1.0,1410,165.307,274.123,183.706
1.0,1411,165.242,274.291,183.407
1.0,1412,165.177,274.426,183.576
1.0,1413,165.112,274.695,183.544
1.0,1414,165.347,274.663,183.379
1.0,1415,165.482,275.065,183.348
1.0,1416,165.483,275.5,183.516
1.0,1417,165.818,275.635,183.785
1.0,1418,165.62,275.703,183.653
1.0,1419,165.722,276.038,183.788
1.0,1420,165.59,275.906,183.99
1.0,1421,165.725,275.975,183.925
1.0,1422,165.627,276.21,183.86
1.0,1423,165.495,276.478,184.361
1.0,1424,166.03,277.046,184.93
1.0,1425,166.098,277.281,184.965
1.0,1426,166.067,277.583,185.0
1.0,1427,166.068,277.718,185.168
1.0,1428,165.77,277.82,185.036
1.0,1429,165.705,277.821,185.105
1.0,1430,165.64,278.156,185.306
1.0,1431,165.508,278.158,185.241
1.0,1432,166.21,278.926,185.943
1.0,1433,166.178,278.895,185.978
1.0,1434,166.513,278.93,186.08
1.0,1435,166.815,279.399,186.381
1.0,1436,166.883,279.6,186.383
1.0,1437,166.918,279.902,186.651
1.0,1438,167.187,280.07,186.986
1.0,1439,167.355,280.272,187.221
1.0,1440,167.123,280.374,187.056
1.0,1441,167.458,280.475,187.225
1.0,1442,167.727,280.944,187.526
1.0,1443,167.495,281.012,187.495
1.0,1444,167.83,281.08,187.33
1.0,1445,168.032,281.382,187.798
1.0,1446,168.133,281.784,187.8
1.0,1447,168.102,281.719,187.801
1.0,1448,168.47,282.154,187.87
1.0,1449,168.872,282.389,188.305
1.0,1450,169.04,282.357,188.507
1.0,1451,168.942,282.592,188.575
1.0,1452,169.31,282.961,188.843
1.0,1453,169.345,282.896,188.778
1.0,1454,169.647,282.898,188.98
1.0,1455,169.848,282.966,189.215
1.0,1456,169.783,283.134,189.117
1.0,1457,170.052,283.536,189.152
1.0,1458,170.22,283.605,189.12
1.0,1459,170.222,283.74,189.622
1.0,1460,170.024,283.641,189.723
1.0,1461,170.359,283.743,189.958
1.0,1462,170.294,283.845,189.76
1.0,1463,170.629,284.08,189.628
1.0,1464,170.731,284.248,189.797
1.0,1465,170.966,284.416,190.032
1.0,1466,170.834,284.351,189.767
1.0,1467,170.936,284.42,190.035
1.0,1468,170.937,284.455,189.97
1.0,1469,170.772,284.556,189.638
1.0,1470,170.574,284.591,189.473
1.0,1471,170.342,284.76,189.408
1.0,1472,170.377,285.061,189.243
1.0,1473,170.246,285.096,189.178
1.0,1474,170.647,285.498,189.413
1.0,1475,170.849,285.666,189.382
1.0,1476,170.551,285.535,189.317
1.0,1477,170.319,285.57,189.252
1.0,1478,170.554,285.638,189.32
1.0,1479,170.522,285.706,189.422
1.0,1480,170.591,285.875,189.623
1.0,1481,170.392,285.976,189.392
1.0,1482,170.261,285.978,189.093
1.0,1483,170.096,285.946,188.895
1.0,1484,170.131,285.981,188.863
1.0,1485,169.832,285.983,188.798
1.0,1486,169.767,286.118,188.833
1.0,1487,169.869,286.42,188.835
1.0,1488,170.437,286.555,189.003
1.0,1489,170.572,286.423,188.872
1.0,1490,170.774,286.725,189.173
1.0,1491,170.442,286.86,188.975
1.0,1492,171.044,287.295,189.511
1.0,1493,171.046,287.463,189.646
1.0,1494,170.981,287.431,189.614
1.0,1495,171.249,287.433,189.782
1.0,1496,171.784,287.868,189.884
1.0,1497,172.052,288.07,189.986
1.0,1498,172.287,288.471,190.254
1.0,1499,172.322,288.94,190.222
1.0,1500,172.957,289.141,190.791
1.0,1501,172.892,289.076,190.792
1.0,1502,172.961,289.278,191.127
1.0,1503,173.762,289.88,191.529
1.0,1504,173.831,290.015,191.697
1.0,1505,173.699,289.916,191.799
1.0,1506,173.367,289.785,191.734
1.0,1507,173.469,290.053,191.902
1.0,1508,173.337,290.121,192.004
1.0,1509,173.339,290.456,192.272
1.0,1510,173.641,290.658,192.574
1.0,1511,173.709,290.693,192.409
1.0,1512,173.644,290.695,192.277
1.0,1513,173.846,290.93,192.679
1.0,1514,173.881,291.198,193.014
1.0,1515,173.882,291.233,193.016
1.0,1516,173.784,291.268,192.951
1.0,1517,173.886,291.37,192.886
1.0,1518,173.721,291.571,192.854
1.0,1519,173.856,291.606,192.922
1.0,1520,174.191,291.675,193.157
1.0,1521,173.926,291.61,192.859
1.0,1522,173.794,291.778,192.761
1.0,1523,173.862,291.813,192.662
1.0,1524,173.664,291.981,192.597
1.0,1525,173.999,292.45,192.899
1.0,1526,173.767,292.451,192.834
1.0,1527,174.036,292.753,192.803
1.0,1528,174.337,292.388,193.438
1.0,1529,174.572,292.823,193.64
1.0,1530,174.707,292.892,193.908
1.0,1531,175.409,293.26,194.577
1.0,1532,175.211,293.462,194.445
1.0,1533,175.279,293.397,194.313
1.0,1534,175.381,293.565,194.382
1.0,1535,175.649,293.967,194.583
1.0,1536,175.584,294.235,194.585
1.0,1537,175.352,294.337,194.387
1.0,1538,175.054,294.405,194.155
1.0,1539,175.022,294.607,194.323
1.0,1540,174.991,294.808,194.292
1.0,1541,174.959,295.243,194.327
1.0,1542,174.861,295.212,194.328
1.0,1543,175.196,295.48,194.463
1.0,1544,175.364,295.648,194.632
1.0,1545,175.832,296.15,195.167
1.0,1546,175.868,295.952,195.402
1.0,1547,175.836,296.221,195.17
1.0,1548,176.038,296.29,195.438
1.0,1549,176.073,296.591,195.507
1.0,1550,176.474,296.56,195.842
1.0,1551,176.676,296.828,196.01
1.0,1552,176.511,296.863,195.878
1.0,1553,176.446,296.898,195.813
1.0,1554,176.114,296.966,195.548
1.0,1555,176.283,297.368,195.55
1.0,1556,176.118,297.47,195.452
1.0,1557,176.586,297.871,195.987
1.0,1558,176.888,298.173,196.722
1.0,1559,176.556,298.075,196.89
1.0,1560,176.891,298.577,197.325
1.0,1561,177.193,298.745,197.393
1.0,1562,177.061,299.113,197.295
1.0,1563,176.996,299.248,197.163
1.0,1564,177.531,299.317,197.698
1.0,1565,177.2,299.452,197.5
1.0,1566,176.835,299.653,197.435
1.0,1567,177.336,299.955,197.703
1.0,1568,177.371,299.957,197.838
1.0,1569,178.04,300.459,198.207
1.0,1570,178.541,300.527,198.442
1.0,1571,178.276,300.529,198.11
1.0,1572,178.245,300.997,198.212
1.0,1573,178.78,301.066,198.58
1.0,1574,178.881,301.367,198.615
1.0,1575,179.516,302.069,199.283
1.0,1576,179.618,302.104,199.185
1.0,1577,179.486,302.339,199.32
1.0,1578,179.588,302.641,199.388
1.0,1579,179.29,302.976,199.19
1.0,1580,179.791,303.144,199.658
1.0,1581,179.626,303.312,199.76
1.0,1582,179.528,303.381,200.095
1.0,1583,179.496,303.649,200.063
1.0,1584,179.431,303.851,200.232
1.0,1585,179.1,303.786,200.233
1.0,1586,179.168,304.087,200.502
1.0,1587,179.236,303.922,200.97
1.0,1588,179.438,303.857,201.305
1.0,1589,179.64,304.059,201.507
1.0,1590,179.941,304.627,201.808
1.0,1591,180.143,305.229,201.843
1.0,1592,180.345,305.364,201.912
1.0,1593,181.08,305.332,202.48
1.0,1594,181.281,305.501,202.515
1.0,1595,181.383,305.67,202.683
1.0,1596,181.251,305.705,202.418
1.0,1597,181.62,306.24,202.453
1.0,1598,181.321,306.175,202.222
1.0,1599,181.723,306.676,202.623
1.0,1600,181.991,306.911,202.658
1.0,1601,182.36,306.813,202.893
1.0,1602,182.328,307.115,203.228
1.0,1603,182.396,306.917,203.33
1.0,1604,182.565,307.419,203.698
1.0,1605,182.6,307.687,203.833
1.0,1606,182.768,307.655,204.368
1.0,1607,182.77,307.69,204.47
1.0,1608,183.405,308.259,205.172
1.0,1609,183.273,308.06,205.107
1.0,1610,183.141,308.029,205.075
1.0,1611,183.076,308.164,205.177
1.0,1612,183.311,308.299,205.645
1.0,1613,183.513,308.834,206.047
1.0,1614,183.248,308.735,205.815
1.0,1615,183.283,308.87,205.983
1.0,1616,183.318,309.139,205.952
1.0,1617,183.353,309.174,205.953
1.0,1618,183.121,309.209,205.788
1.0,1619,183.123,309.444,205.723
1.0,1620,183.358,309.912,205.825
1.0,1621,183.46,310.014,205.86
1.0,1622,183.495,310.282,205.828
1.0,1623,183.73,310.75,206.063
1.0,1624,183.798,310.852,206.365
1.0,1625,183.833,310.754,206.333
1.0,1626,183.801,310.855,206.502
1.0,1627,184.336,311.09,207.17
1.0,1628,184.505,311.525,207.472
1.0,1629,184.706,311.727,207.64
1.0,1630,184.575,311.995,207.508
1.0,1631,184.943,312.264,208.01
1.0,1632,185.145,312.466,207.979
1.0,1633,185.113,312.735,207.947
1.0,1634,185.048,312.87,207.949
1.0,1635,185.083,312.871,207.884
1.0,1636,184.718,313.006,207.819
1.0,1637,184.786,313.141,207.92
1.0,1638,184.955,313.41,208.522
1.0,1639,184.723,313.511,208.59
1.0,1640,184.458,313.613,208.325
1.0,1641,184.593,313.748,208.527
1.0,1642,184.461,313.983,208.595
1.0,1643,184.33,314.085,208.53
1.0,1644,184.198,314.186,208.699
1.0,1645,184.1,314.288,208.4
1.0,1646,184.168,314.49,208.402
1.0,1647,183.903,314.758,208.304
1.0,1648,183.771,314.826,208.172
1.0,1649,183.84,315.461,208.174
1.0,1650,183.875,315.463,208.242
1.0,1651,183.676,315.731,208.177
1.0,1652,184.211,316.033,208.479
1.0,1653,183.88,316.235,208.347
1.0,1654,183.948,316.803,208.782
1.0,1655,184.15,317.271,208.784
1.0,1656,184.185,317.506,208.752
1.0,1657,184.62,317.775,208.954
1.0,1658,184.355,318.043,208.855
1.0,1659,184.19,318.278,208.724
1.0,1660,184.391,318.446,209.092
1.0,1661,184.693,318.615,209.127
1.0,1662,184.761,318.75,209.029
1.0,1663,185.096,318.951,209.497
1.0,1664,184.865,319.02,209.365
1.0,1665,184.633,319.055,209.234
1.0,1666,184.435,319.19,209.235
1.0,1667,184.536,319.258,209.47
1.0,1668,184.738,319.493,209.939
1.0,1669,184.64,319.595,210.04
1.0,1670,184.875,319.563,210.342
1.0,1671,184.61,319.665,210.244
1.0,1672,184.478,319.966,210.112
1.0,1673,184.613,320.501,210.28
1.0,1674,184.348,320.436,210.382
1.0,1675,184.316,320.571,210.217
1.0,1676,184.218,320.706,210.052
1.0,1677,184.286,321.108,209.954
1.0,1678,184.288,321.443,210.155
1.0,1679,184.056,321.578,210.024
1.0,1680,184.191,322.013,210.159
1.0,1681,183.926,322.081,210.194
1.0,1682,184.361,322.516,210.695
1.0,1683,184.396,322.918,210.697
1.0,1684,184.331,322.953,210.699
1.0,1685,184.633,323.055,211.034
1.0,1686,184.901,323.423,211.469
1.0,1687,185.07,323.625,211.937
1.0,1688,184.971,323.893,212.005
1.0,1689,185.406,324.061,212.374
1.0,1690,185.341,324.396,212.375
1.0,1691,185.276,324.831,212.277
1.0,1692,185.111,324.866,212.212
1.0,1693,184.88,324.835,212.047
1.0,1694,184.681,325.036,212.049
1.0,1695,185.583,325.738,212.784
1.0,1696,185.618,326.34,213.119
1.0,1697,185.72,326.142,213.287
1.0,1698,186.255,327.077,213.655
1.0,1699,185.99,327.145,213.457
1.0,1700,186.025,327.38,213.592
1.0,1701,186.094,327.515,213.394
1.0,1702,186.395,327.317,213.762
1.0,1703,186.43,327.452,213.93
1.0,1704,186.532,327.554,214.032
1.0,1705,186.6,327.722,213.734
1.0,1706,186.335,327.791,213.535
1.0,1707,186.304,327.959,213.47
1.0,1708,186.405,328.561,213.772
1.0,1709,186.807,328.429,214.14
1.0,1710,186.875,328.531,214.342
1.0,1711,186.877,328.332,214.444
1.0,1712,186.845,328.267,214.312
1.0,1713,186.714,328.069,214.447
1.0,1714,186.949,328.604,214.749
1.0,1715,187.017,328.806,214.95
1.0,1716,186.985,329.174,215.119
1.0,1717,186.887,329.409,215.254
1.0,1718,186.589,329.377,215.222
1.0,1719,186.49,329.612,215.19
1.0,1720,186.525,329.981,215.126
1.0,1721,186.594,330.249,215.261
1.0,1722,186.695,330.251,215.429
1.0,1723,186.964,330.919,215.764
1.0,1724,186.732,331.054,215.566
1.0,1725,186.734,331.522,215.634
1.0,1726,186.802,331.791,215.869
1.0,1727,186.904,332.192,215.937
1.0,1728,186.805,332.561,215.872
1.0,1729,187.174,332.962,216.108
1.0,1730,187.309,333.164,216.276
1.0,1731,187.21,333.299,216.411
1.0,1732,187.079,333.367,216.546
1.0,1733,187.247,333.769,216.948
1.0,1734,187.249,333.837,217.049
1.0,1735,187.184,334.072,217.184
1.0,1736,187.286,334.307,217.286
1.0,1737,187.421,334.577,217.554
1.0,1738,187.256,334.812,217.523
1.0,1739,187.391,334.98,217.724
1.0,1740,187.792,335.615,218.293
1.0,1741,187.727,335.95,218.261
1.0,1742,187.962,336.052,218.029
1.0,1743,187.831,336.253,218.331
1.0,1744,187.566,336.355,218.166
1.0,1745,187.367,336.557,218.234
1.0,1746,187.402,336.825,218.136
1.0,1747,187.271,336.927,217.971
1.0,1748,187.172,336.962,218.073
1.0,1749,187.474,337.063,218.241
1.0,1750,187.276,337.265,217.976
1.0,1751,187.144,337.233,218.011
1.0,1752,187.412,337.635,218.346
1.0,1753,187.747,337.737,218.615
1.0,1754,188.016,337.972,218.717
1.0,1755,187.951,338.34,218.618
1.0,1756,188.219,338.608,218.953
1.0,1757,188.254,338.743,218.922
1.0,1758,188.356,339.112,219.057
1.0,1759,188.491,339.38,218.892
1.0,1760,188.659,339.282,219.16
1.0,1761,189.261,339.65,219.628
1.0,1762,189.362,339.752,219.897
1.0,1763,189.164,339.82,219.765
1.0,1764,189.366,339.989,219.833
1.0,1765,189.301,339.99,219.802
1.0,1766,189.436,340.392,219.837
1.0,1767,189.104,340.494,219.672
1.0,1768,189.339,341.029,219.64
1.0,1769,189.807,341.364,219.975
1.0,1770,189.642,341.599,219.677
1.0,1771,190.044,341.967,219.878
1.0,1772,190.279,342.335,220.08
1.0,1773,190.181,342.47,219.982
1.0,1774,190.249,342.572,220.25
1.0,1775,190.451,342.807,220.552
1.0,1776,190.219,342.842,220.52
1.0,1777,190.421,343.044,220.755
1.0,1778,190.522,343.479,220.823
1.0,1779,190.657,343.781,220.992
1.0,1780,190.592,343.649,220.993
1.0,1781,190.661,343.684,221.162
1.0,1782,190.929,344.152,221.43
1.0,1783,190.931,344.187,221.565
1.0,1784,190.999,344.356,221.467
1.0,1785,191.534,344.924,222.135
1.0,1786,191.236,345.026,222.037
1.0,1787,191.204,345.327,222.238
1.0,1788,191.106,345.462,222.007
1.0,1789,191.141,345.531,222.108
1.0,1790,190.976,345.566,222.077
1.0,1791,191.411,345.734,222.578
1.0,1792,191.679,346.169,222.613
1.0,1793,191.547,346.104,222.548
1.0,1794,191.849,346.572,222.95
1.0,1795,192.084,346.707,223.052
1.0,1796,192.252,347.176,223.487
1.0,1797,192.621,347.211,223.688
1.0,1798,192.722,347.313,223.857
1.0,1799,192.757,347.748,224.058
1.0,1800,192.592,347.983,224.027
1.0,1801,192.461,348.384,224.262
1.0,1802,192.229,348.386,224.063
1.0,1803,192.097,348.621,224.165
1.0,1804,192.532,348.923,224.5
1.0,1805,192.467,349.058,224.335
1.0,1806,192.436,349.259,224.137
1.0,1807,192.371,349.528,224.172
1.0,1808,192.672,350.029,224.007
1.0,1809,192.374,350.231,223.975
1.0,1810,192.476,350.699,224.077
1.0,1811,192.911,351.168,224.345
1.0,1812,193.346,351.436,224.58
1.0,1813,193.381,351.838,224.848
1.0,1814,193.182,352.006,224.65
1.0,1815,192.917,352.108,224.418
1.0,1816,192.852,352.309,224.453
1.0,1817,192.554,352.478,224.322
1.0,1818,192.589,352.513,224.49
1.0,1819,192.624,352.681,224.492
1.0,1820,192.526,352.883,224.393
1.0,1821,192.461,353.184,224.462
1.0,1822,192.696,353.586,224.663
1.0,1823,193.064,354.221,224.932
1.0,1824,193.532,354.889,225.533
1.0,1825,193.667,355.191,225.335
1.0,1826,193.769,355.593,225.737
1.0,1827,193.737,355.761,225.539
1.0,1828,194.139,356.029,226.074
1.0,1829,194.941,356.698,226.543
1.0,1830,194.909,356.766,226.378
1.0,1831,194.777,357.034,226.313
1.0,1832,195.012,357.136,226.548
1.0,1833,194.581,357.638,226.549
1.0,1834,194.716,357.639,226.451
1.0,1835,194.884,358.108,226.253
1.0,1836,194.919,358.409,226.221
1.0,1837,195.587,358.744,226.823
1.0,1838,195.689,359.146,226.958
1.0,1839,195.924,359.814,227.226
1.0,1840,195.726,359.917,227.361
1.0,1841,195.661,360.085,227.429
1.0,1842,195.762,360.387,227.298
1.0,1843,195.464,360.322,227.099
1.0,1844,195.632,360.557,227.068
1.0,1845,195.367,360.492,226.836
1.0,1846,195.302,360.593,227.004
1.0,1847,195.171,360.528,226.806
1.0,1848,195.006,360.697,226.874
1.0,1849,194.841,360.865,226.809
1.0,1850,195.509,361.167,227.278
1.0,1851,196.044,361.502,227.713
1.0,1852,196.046,361.67,227.714
1.0,1853,196.014,361.738,227.416
1.0,1854,196.249,362.273,227.251
1.0,1855,195.917,362.375,227.153
1.0,1856,195.686,362.243,227.054
1.0,1857,195.721,362.212,227.189
1.0,1858,195.456,362.247,227.024
1.0,1859,195.191,362.382,226.759
1.0,1860,195.192,362.283,226.794
1.0,1861,195.227,362.285,226.629
1.0,1862,195.229,362.387,226.731
1.0,1863,195.231,362.888,227.033
1.0,1864,195.266,362.99,226.934
1.0,1865,195.501,363.325,227.169
1.0,1866,195.369,363.393,227.238
1.0,1867,195.571,363.395,227.539
1.0,1868,195.906,363.797,228.074
1.0,1869,196.241,364.032,228.109
1.0,1870,196.209,364.333,228.078
1.0,1871,196.377,364.369,228.379
1.0,1872,196.246,364.704,228.314
1.0,1873,196.247,364.839,228.416
1.0,1874,196.349,365.107,228.851
1.0,1875,196.551,365.609,229.019
1.0,1876,196.552,365.81,228.888
1.0,1877,196.421,365.845,228.823
1.0,1878,196.322,365.747,228.524
1.0,1879,196.757,366.382,228.826
1.0,1880,196.792,366.684,229.161
1.0,1881,196.761,366.752,229.363
1.0,1882,196.629,366.92,229.364
1.0,1883,196.831,367.322,229.366
1.0,1884,196.899,367.657,229.434
1.0,1885,197.134,367.925,229.536
1.0,1886,197.536,368.394,229.838
1.0,1887,197.771,368.762,229.906
1.0,1888,197.672,368.997,230.074
1.0,1889,197.941,369.099,230.376
1.0,1890,197.642,369.301,230.344
1.0,1891,197.777,369.536,230.546
1.0,1892,197.679,369.838,230.581
1.0,1893,198.014,370.239,231.083
1.0,1894,197.949,370.408,230.918
1.0,1895,198.384,370.509,231.386
1.0,1896,198.119,370.544,231.254
1.0,1897,198.221,371.046,231.423
1.0,1898,198.456,371.614,231.391
1.0,1899,198.624,371.85,231.393
1.0,1900,198.759,372.118,231.628
1.0,1901,198.727,372.486,231.429
1.0,1902,198.796,372.688,231.631
1.0,1903,198.731,372.623,231.599
1.0,1904,198.599,372.558,231.368
1.0,1905,199.034,373.16,231.869
1.0,1906,199.569,373.495,232.538
1.0,1907,199.404,373.663,232.673
1.0,1908,199.206,373.765,232.674
1.0,1909,199.474,374.167,232.909
1.0,1910,199.642,374.468,232.978
1.0,1911,199.744,374.937,232.879
1.0,1912,199.746,375.405,232.981
1.0,1913,199.614,375.34,233.116
1.0,1914,199.516,375.375,233.284
1.0,1915,199.784,375.61,233.386
1.0,1916,199.819,375.745,233.621
1.0,1917,199.721,376.147,233.689
1.0,1918,199.656,375.982,233.624
1.0,1919,199.557,376.25,233.659
1.0,1920,199.859,376.585,234.194
1.0,1921,199.961,376.92,234.263
1.0,1922,199.896,377.155,234.064
1.0,1923,199.964,377.023,234.033
1.0,1924,199.932,377.258,233.901
1.0,1925,199.767,377.193,233.769
1.0,1926,199.702,377.495,233.771
1.0,1927,199.771,377.197,234.139
1.0,1928,199.872,377.365,234.308
1.0,1929,199.907,377.433,234.376
1.0,1930,200.109,378.002,234.778
1.0,1931,200.011,378.203,234.646
1.0,1932,200.079,378.638,234.748
1.0,1933,200.147,378.84,234.883
1.0,1934,200.149,378.775,234.984
1.0,1935,200.184,379.11,235.119
1.0,1936,200.186,379.445,235.288
1.0,1937,200.887,379.547,235.989
1.0,1938,201.522,379.783,236.824
1.0,1939,201.257,379.851,236.593
1.0,1940,201.293,380.286,236.928
1.0,1941,201.195,380.588,236.996
1.0,1942,201.363,380.589,237.064
1.0,1943,201.565,380.858,237.266
1.0,1944,201.233,381.026,237.101
1.0,1945,201.135,381.028,237.069
1.0,1946,201.036,381.163,237.071
1.0,1947,200.871,381.231,237.106
1.0,1948,201.006,381.599,237.441
1.0,1949,200.741,381.734,237.276
1.0,1950,200.976,382.003,237.578
1.0,1951,201.011,382.138,237.779
1.0,1952,201.346,382.606,238.248
1.0,1953,201.381,382.541,238.183
1.0,1954,201.316,382.543,238.351
1.0,1955,201.418,383.011,238.519
1.0,1956,201.153,383.279,238.488
1.0,1957,201.388,383.814,238.623
1.0,1958,201.423,383.949,238.791
1.0,1959,201.491,384.251,238.893
1.0,1960,201.56,384.353,239.161
1.0,1961,201.328,384.254,238.929
1.0,1962,201.163,384.123,239.031
1.0,1963,201.031,384.091,238.833
1.0,1964,201.2,384.293,239.001
1.0,1965,201.368,384.594,239.269
1.0,1966,201.07,384.596,239.204
1.0,1967,201.138,384.398,239.439
1.0,1968,200.873,384.299,239.341
1.0,1969,200.941,384.634,239.443
1.0,1970,200.91,384.669,239.578
1.0,1971,201.078,384.971,239.479
1.0,1972,201.346,385.339,239.848
1.0,1973,202.081,385.641,240.683
1.0,1974,202.45,386.276,240.884
1.0,1975,202.385,386.311,240.886
1.0,1976,202.053,386.179,240.588
1.0,1977,202.088,386.381,240.823
1.0,1978,201.956,386.283,240.858
1.0,1979,202.358,386.485,241.493
1.0,1980,203.026,386.687,242.228
1.0,1981,203.228,386.855,242.563
1.0,1982,203.463,386.957,242.898
1.0,1983,203.298,387.392,242.966
1.0,1984,203.266,387.394,243.068
1.0,1985,203.501,387.295,243.236
1.0,1986,203.37,387.364,243.204
1.0,1987,203.605,387.466,243.439
1.0,1988,203.273,387.467,243.274
1.0,1989,203.041,387.369,243.043
1.0,1990,202.876,387.437,242.878
1.0,1991,202.711,387.572,242.946
1.0,1992,202.58,387.774,242.914
1.0,1993,202.581,388.076,242.749
1.0,1994,202.283,388.211,242.584
1.0,1995,202.151,388.312,242.319
1.0,1996,202.42,388.814,242.621
1.0,1997,202.888,389.516,242.889
1.0,1998,203.19,389.451,242.991
1.0,1999,202.925,389.553,242.859
1.0,2000,202.66,389.554,242.728
