belief_p_sepsis,hours_left,best_action,value
0.0,72,monitor,-0.3322842490221256
0.001,72,monitor,-0.33253997717553724
0.002,72,monitor,-0.33277658491212825
0.003,72,monitor,-0.3329945885195371
0.004,72,monitor,-0.3331948806669971
0.005,72,monitor,-0.33337812163421177
0.006,72,monitor,-0.3335440198800662
0.007,72,monitor,-0.3336940069970976
0.008,72,monitor,-0.33382866315282944
0.009000000000000001,72,monitor,-0.3339485023291815
0.01,72,monitor,-0.33405508882406165
0.011,72,monitor,-0.33414858365609573
0.012,72,monitor,-0.33422896211055375
0.013000000000000001,72,monitor,-0.3342971225625328
0.014,72,monitor,-0.3343527684104433
0.015,72,monitor,-0.334395293572531
0.016,72,monitor,-0.3344237462476489
0.017,72,monitor,-0.33443864644453997
0.018000000000000002,72,monitor,-0.33444217987815267
0.019,72,monitor,-0.33443524516008627
0.02,72,monitor,-0.3344174367047319
0.021,72,monitor,-0.33438927046602807
0.022,72,monitor,-0.3343509342412087
0.023,72,monitor,-0.33430246222837356
0.024,72,monitor,-0.3342442912289677
0.025,72,monitor,-0.3341764634583964
0.026000000000000002,72,monitor,-0.3340990169071179
0.027,72,monitor,-0.3340117310850814
0.028,72,monitor,-0.3339147601271151
0.029,72,monitor,-0.33380863053099297
0.03,72,monitor,-0.33369337789232567
0.031,72,monitor,-0.33356936592901476
0.032,72,monitor,-0.33343677460119464
0.033,72,monitor,-0.33329565579730663
0.034,72,monitor,-0.3331463914384591
0.035,72,monitor,-0.3329887585508448
0.036000000000000004,72,monitor,-0.33282332569817563
0.037,72,monitor,-0.33264932622272847
0.038,72,monitor,-0.3324675305836807
0.039,72,monitor,-0.3322778652183045
0.04,72,monitor,-0.3320804170884402
0.041,72,monitor,-0.3318755810514674
0.042,72,monitor,-0.3316631880646612
0.043000000000000003,72,monitor,-0.33144356990220203
0.044,72,monitor,-0.331216878060747
0.045,72,monitor,-0.33098296600081845
0.046,72,monitor,-0.33074229902260377
0.047,72,monitor,-0.3304947156575492
0.048,72,monitor,-0.3302398779792656
0.049,72,monitor,-0.32997843922783243
0.05,72,monitor,-0.32971050154234427
0.051000000000000004,72,monitor,-0.3294358991013018
0.052000000000000005,72,monitor,-0.3291548625700529
0.053,72,monitor,-0.32886767509919523
0.054,72,monitor,-0.32857417081645146
0.055,72,monitor,-0.3282746185020949
0.056,72,monitor,-0.32796892098537256
0.057,72,monitor,-0.3276574370723145
0.058,72,monitor,-0.3273398319084794
0.059000000000000004,72,monitor,-0.3270160811923733
0.06,72,monitor,-0.3266864833381238
0.061,72,monitor,-0.3263513202088685
0.062,72,monitor,-0.3260104078415317
0.063,72,monitor,-0.32566367609449737
0.064,72,monitor,-0.325311290083062
0.065,72,monitor,-0.3249533572460752
0.066,72,monitor,-0.32459012774297624
0.067,72,monitor,-0.3242213624655805
0.068,72,monitor,-0.32384722398918947
0.069,72,monitor,-0.3234676504684632
0.07,72,monitor,-0.32308255030569777
0.07100000000000001,72,monitor,-0.3226922245198267
0.07200000000000001,72,monitor,-0.3222968449348971
0.073,72,monitor,-0.3218962246450869
0.074,72,monitor,-0.32149063346691586
0.075,72,monitor,-0.32107983598048917
0.076,72,monitor,-0.32066408952965414
0.077,72,monitor,-0.32024336914880996
0.078,72,monitor,-0.3198179270505683
0.079,72,monitor,-0.3193874957013828
0.08,72,monitor,-0.31895242968967635
0.081,72,monitor,-0.31851221233427424
0.082,72,monitor,-0.3180671647592013
0.083,72,monitor,-0.3176173358250207
0.084,72,monitor,-0.3171630604026282
0.085,72,monitor,-0.31670405855697703
0.08600000000000001,72,monitor,-0.3162406429758549
0.08700000000000001,72,monitor,-0.31577251646480836
0.088,72,monitor,-0.315299834894014
0.089,72,monitor,-0.3148225312469309
0.09,72,monitor,-0.31434090009561344
0.091,72,monitor,-0.3138549412005564
0.092,72,monitor,-0.31336469874726774
0.093,72,monitor,-0.3128700628900599
0.094,72,monitor,-0.31237104400407467
0.095,72,monitor,-0.3118677986508588
0.096,72,monitor,-0.3113603706548536
0.097,72,monitor,-0.3108488673532431
0.098,72,monitor,-0.31033337219291307
0.099,72,monitor,-0.3098139232077776
0.1,72,monitor,-0.309290495474485
0.101,72,monitor,-0.30876315304885726
0.10200000000000001,72,monitor,-0.3082318346375279
0.10300000000000001,72,monitor,-0.3076967520339901
0.10400000000000001,72,monitor,-0.3071577777142147
0.105,72,monitor,-0.306614954628473
0.106,72,monitor,-0.3060682212630642
0.107,72,monitor,-0.30551783585634257
0.108,72,monitor,-0.30496369329227413
0.109,72,monitor,-0.3044058621171417
0.11,72,monitor,-0.3038443516652379
0.111,72,monitor,-0.3032791990924854
0.112,72,monitor,-0.3027104933233419
0.113,72,monitor,-0.30213806360008244
0.114,72,monitor,-0.3015620265853585
0.115,72,monitor,-0.30098222910768463
0.116,72,monitor,-0.3003989135752269
0.117,72,monitor,-0.2998119276775757
0.11800000000000001,72,monitor,-0.2992211575550468
0.11900000000000001,72,monitor,-0.29862688417731637
0.12,72,monitor,-0.29802907157718567
0.121,72,monitor,-0.2974279153724989
0.122,72,monitor,-0.29682321623484953
0.123,72,monitor,-0.2962150818453809
0.124,72,monitor,-0.2956034395646436
0.125,72,monitor,-0.2949882863585498
0.126,72,monitor,-0.2943697881720308
0.127,72,monitor,-0.2937477251051151
0.128,72,monitor,-0.29312225602170383
0.129,72,monitor,-0.2924934785774596
0.13,72,monitor,-0.2918613102108757
0.131,72,monitor,-0.2912259143753647
0.132,72,monitor,-0.2905871970058116
0.133,72,monitor,-0.2899453287015667
0.134,72,monitor,-0.2893001629226301
0.135,72,monitor,-0.28865173135276256
0.136,72,monitor,-0.28800012941679093
0.137,72,monitor,-0.28734524328795147
0.138,72,monitor,-0.2866871718205781
0.139,72,monitor,-0.28602593761651873
0.14,72,monitor,-0.28536163333306835
0.14100000000000001,72,monitor,-0.28469423551702694
0.14200000000000002,72,monitor,-0.2840237331364327
0.14300000000000002,72,monitor,-0.28335012617797634
0.14400000000000002,72,monitor,-0.2826733424181988
0.145,72,monitor,-0.28199341511132664
0.146,72,monitor,-0.28131041142975105
0.147,72,monitor,-0.28062426412853086
0.148,72,monitor,-0.2799350405447154
0.149,72,monitor,-0.2792427554489478
0.15,72,monitor,-0.2785473930210774
0.151,72,monitor,-0.2778490937390788
0.152,72,monitor,-0.2771478354295128
0.153,72,monitor,-0.2764436031139118
0.154,72,monitor,-0.2757363946695557
0.155,72,monitor,-0.2750261339705746
0.156,72,monitor,-0.27431284985124016
0.157,72,monitor,-0.2735964363810416
0.158,72,monitor,-0.27287690355060695
0.159,72,monitor,-0.272154404794008
0.16,72,monitor,-0.27142896162964714
0.161,72,monitor,-0.27070059486982867
0.162,72,monitor,-0.2699694006077659
0.163,72,monitor,-0.26923538817243403
0.164,72,monitor,-0.2684986197468964
0.165,72,monitor,-0.2677591446370055
0.166,72,monitor,-0.2670168706106199
0.167,72,monitor,-0.26627176893880516
0.168,72,monitor,-0.2655238620400802
0.169,72,monitor,-0.2647731003148755
0.17,72,monitor,-0.26401948394473906
0.171,72,monitor,-0.2632629996440694
0.17200000000000001,72,monitor,-0.2625036866522089
0.17300000000000001,72,monitor,-0.2617417722757153
0.17400000000000002,72,monitor,-0.26097732622802977
0.17500000000000002,72,monitor,-0.2602103513216738
0.176,72,monitor,-0.2594409641188425
0.177,72,monitor,-0.25866920208953065
0.178,72,monitor,-0.2578950282235868
0.179,72,monitor,-0.25711847745574906
0.18,72,monitor,-0.25633947382398703
0.181,72,monitor,-0.25555786237661426
0.182,72,monitor,-0.2547737225158479
0.183,72,monitor,-0.2539870641202794
0.184,72,monitor,-0.2531977953893183
0.185,72,monitor,-0.2524059683583144
0.186,72,monitor,-0.25161156088885983
0.187,72,monitor,-0.25081476512114814
0.188,72,monitor,-0.25001568430106424
0.189,72,monitor,-0.24921436592913465
0.19,72,monitor,-0.24841084583203807
0.191,72,monitor,-0.24760512619447966
0.192,72,monitor,-0.2467972061074762
0.193,72,monitor,-0.24598703729408564
0.194,72,monitor,-0.2451744991119159
0.195,72,monitor,-0.24435952415430434
0.196,72,monitor,-0.24354204291373813
0.197,72,monitor,-0.2427220035123762
0.198,72,monitor,-0.2418994829445099
0.199,72,monitor,-0.2410744525458107
0.2,72,monitor,-0.24024693224615845
0.201,72,monitor,-0.23941687684678326
0.202,72,monitor,-0.23858447171819705
0.203,72,monitor,-0.23774987224770797
0.20400000000000001,72,monitor,-0.23691304629533042
0.20500000000000002,72,monitor,-0.23607408471311686
0.20600000000000002,72,monitor,-0.23523297516053493
0.20700000000000002,72,monitor,-0.2343896472206165
0.20800000000000002,72,monitor,-0.23354403939687945
0.209,72,monitor,-0.2326960628479861
0.21,72,monitor,-0.23184562450282145
0.211,72,monitor,-0.23099262178292307
0.212,72,monitor,-0.23013711877414011
0.213,72,monitor,-0.22927909999336155
0.214,72,monitor,-0.22841862834881346
0.215,72,monitor,-0.2275557247047093
0.216,72,monitor,-0.22669052257713473
0.217,72,monitor,-0.22582299146705118
0.218,72,monitor,-0.22495320586361497
0.219,72,monitor,-0.22408139154231166
0.22,72,monitor,-0.22320755493184827
0.221,72,monitor,-0.22233173343344134
0.222,72,monitor,-0.22145385812474466
0.223,72,monitor,-0.22057389426938293
0.224,72,monitor,-0.21969174461961044
0.225,72,monitor,-0.21880730495749184
0.226,72,monitor,-0.21792043120691656
0.227,72,monitor,-0.21703118195964524
0.228,72,monitor,-0.2161395833832059
0.229,72,monitor,-0.21524566355106503
0.23,72,monitor,-0.21434937709728114
0.231,72,monitor,-0.2134508904292304
0.232,72,monitor,-0.21255029550329707
0.233,72,monitor,-0.21164770505228217
0.234,72,monitor,-0.2107430166829507
0.23500000000000001,72,monitor,-0.20983631288625762
0.23600000000000002,72,monitor,-0.20892779773726233
0.23700000000000002,72,monitor,-0.20801744933916552
0.23800000000000002,72,monitor,-0.207105211823751
0.23900000000000002,72,monitor,-0.20619104069250088
0.24,72,monitor,-0.2052748491896225
0.241,72,monitor,-0.20435652750599614
0.242,72,monitor,-0.2034359081287728
0.243,72,monitor,-0.20251293406734305
0.244,72,monitor,-0.20158765129715034
0.245,72,monitor,-0.20066012645903705
0.246,72,monitor,-0.19973035853707588
0.247,72,monitor,-0.19879834690608889
0.248,72,monitor,-0.19786416654243913
0.249,72,monitor,-0.19692796794337714
0.25,72,monitor,-0.19598984390519925
0.251,72,monitor,-0.19504981962668236
0.252,72,monitor,-0.19410778924116695
0.253,72,monitor,-0.19316374842185643
0.254,72,monitor,-0.1922178351505115
0.255,72,monitor,-0.19126999281335577
0.256,72,monitor,-0.19032015906016322
0.257,72,monitor,-0.1893682861698863
0.258,72,monitor,-0.18841426875530343
0.259,72,monitor,-0.18745798702192315
0.26,72,monitor,-0.1864992859669651
0.261,72,monitor,-0.18553816450417746
0.262,72,monitor,-0.18457473535465516
0.263,72,monitor,-0.18360908395000033
0.264,72,monitor,-0.18264125926824962
0.265,72,monitor,-0.18167124873916463
0.266,72,monitor,-0.18069914549428487
0.267,72,monitor,-0.1797250703063983
0.268,72,monitor,-0.17874913511560683
0.269,72,monitor,-0.1777713985142366
0.27,72,monitor,-0.1767918229190138
0.271,72,monitor,-0.17581021878416297
0.272,72,monitor,-0.17482643193004963
0.273,72,monitor,-0.17384065757124628
0.274,72,monitor,-0.17285291850862414
0.275,72,monitor,-0.17186312581802476
0.276,72,monitor,-0.17087119001638026
0.277,72,monitor,-0.16987704040270885
0.278,72,monitor,-0.1688806057956637
0.279,72,monitor,-0.16788186036536382
0.28,72,monitor,-0.16688087732164703
0.281,72,monitor,-0.1658777244326237
0.28200000000000003,72,monitor,-0.16487257148849052
0.28300000000000003,72,monitor,-0.16386551106369068
0.28400000000000003,72,monitor,-0.16285662230259673
0.28500000000000003,72,monitor,-0.16184598601758493
0.28600000000000003,72,monitor,-0.16083369510778492
0.28700000000000003,72,monitor,-0.15981982126097147
0.28800000000000003,72,monitor,-0.15880444105014577
0.289,72,monitor,-0.15778754624856733
0.29,72,monitor,-0.15676895939536356
0.291,72,monitor,-0.15574837103400793
0.292,72,monitor,-0.1547256983968914
0.293,72,monitor,-0.15370128556112117
0.294,72,monitor,-0.15267514221015782
0.295,72,monitor,-0.15164711002291187
0.296,72,monitor,-0.15061708711733196
0.297,72,monitor,-0.14958503694974135
0.298,72,monitor,-0.14855096028995726
0.299,72,monitor,-0.147514883812918
0.3,72,monitor,-0.14647694721946816
0.301,72,monitor,-0.14543723322541605
0.302,72,monitor,-0.1443958491501786
0.303,72,monitor,-0.14335290676046963
0.304,72,monitor,-0.1423084916296306
0.305,72,monitor,-0.14126265320964587
0.306,72,monitor,-0.14021544623064192
0.307,72,monitor,-0.13916689644995933
0.308,72,monitor,-0.13811697977213236
0.309,72,monitor,-0.13706559297379045
0.31,72,monitor,-0.13601250902192977
0.311,72,monitor,-0.13495752805811845
0.312,72,monitor,-0.13390058401819474
0.313,72,monitor,-0.1328417493062036
0.314,72,monitor,-0.1317811659396531
0.315,72,monitor,-0.13071868247277868
0.316,72,monitor,-0.12965419855656424
0.317,72,monitor,-0.1285876781211636
0.318,72,monitor,-0.1275191695785055
0.319,72,monitor,-0.12644874549725532
0.32,72,monitor,-0.12537647631475257
0.321,72,monitor,-0.12430250200060745
0.322,72,monitor,-0.12322690843406753
0.323,72,monitor,-0.12214978182520449
0.324,72,monitor,-0.12107120677907485
0.325,72,monitor,-0.11999124347463984
0.326,72,monitor,-0.11890991143386234
0.327,72,monitor,-0.1178271938663429
0.328,72,monitor,-0.11674303582934713
0.329,72,monitor,-0.11565731464834211
0.33,72,monitor,-0.11456979124405373
0.331,72,monitor,-0.11348021386283029
0.332,72,monitor,-0.11238850807847343
0.333,72,monitor,-0.11129477423156574
0.334,72,monitor,-0.11019905550876093
0.335,72,monitor,-0.10910131336571795
0.336,72,monitor,-0.1080015185126009
0.337,72,monitor,-0.10689958704528606
0.338,72,monitor,-0.10579556240315191
0.339,72,monitor,-0.10468955166440987
0.34,72,monitor,-0.1035816838057677
0.341,72,monitor,-0.1024720866260914
0.342,72,monitor,-0.1013608799716251
0.343,72,monitor,-0.1002481855840181
0.34400000000000003,72,monitor,-0.09913408573709227
0.34500000000000003,72,monitor,-0.09801864508963617
0.34600000000000003,72,monitor,-0.09690189783093697
0.34700000000000003,72,monitor,-0.09578387340918301
0.34800000000000003,72,monitor,-0.09466453735239175
0.34900000000000003,72,monitor,-0.09354378781632916
0.35000000000000003,72,monitor,-0.09242142887454341
0.35100000000000003,72,monitor,-0.09129718958750037
0.352,72,monitor,-0.0901708274164748
0.353,72,monitor,-0.08904229287715626
0.354,72,monitor,-0.08791173494941482
0.355,72,monitor,-0.08677928503220038
0.356,72,monitor,-0.08564491079189766
0.357,72,monitor,-0.08450851043306197
0.358,72,monitor,-0.08337008477529077
0.359,72,monitor,-0.0822297037158889
0.36,72,monitor,-0.08108748501346325
0.361,72,monitor,-0.07994359886140498
0.362,72,monitor,-0.0787981968384579
0.363,72,monitor,-0.07765140128141315
0.364,72,monitor,-0.07650325809674535
0.365,72,monitor,-0.07535371329843758
0.366,72,monitor,-0.07420268815267596
0.367,72,monitor,-0.07305032236828632
0.368,72,monitor,-0.07189679804785967
0.369,72,monitor,-0.07074210185546638
0.37,72,monitor,-0.06958612884347282
0.371,72,monitor,-0.06842874136292294
0.372,72,monitor,-0.06726966086925164
0.373,72,monitor,-0.06610858849066704
0.374,72,monitor,-0.06494538705015573
0.375,72,monitor,-0.06378011739316733
0.376,72,monitor,-0.06261292681965828
0.377,72,monitor,-0.06144390872309841
0.378,72,monitor,-0.06027304786332717
0.379,72,monitor,-0.059100278003525464
0.38,72,monitor,-0.057925577030530015
0.381,72,monitor,-0.05674904227706727
0.382,72,monitor,-0.05557083628416844
0.383,72,monitor,-0.05439111626361612
0.384,72,monitor,-0.05321002235824342
0.385,72,monitor,-0.052027659069494775
0.386,72,monitor,-0.05084398583612812
0.387,72,monitor,-0.04965863441554466
0.388,72,monitor,-0.04847134918261114
0.389,72,monitor,-0.047282493192121196
0.39,72,monitor,-0.04609235486985372
0.391,72,monitor,-0.04490096842820307
0.392,72,monitor,-0.04370823331791222
0.393,72,monitor,-0.04251394156468513
0.394,72,monitor,-0.041317798370783115
0.395,72,monitor,-0.04011953844427658
0.396,72,monitor,-0.03891901401957153
0.397,72,monitor,-0.037716279635940556
0.398,72,monitor,-0.03651149513381813
0.399,72,monitor,-0.03530478045721964
0.4,72,monitor,-0.03409616381750809
0.401,72,monitor,-0.03288563662593899
0.402,72,monitor,-0.0316732195125945
0.403,72,monitor,-0.03045898691122348
0.404,72,monitor,-0.029243063524147087
0.405,72,monitor,-0.028025614001706212
0.406,72,monitor,-0.026806779771117055
0.40700000000000003,72,monitor,-0.025586642308253377
0.40800000000000003,72,monitor,-0.024365192068847782
0.40900000000000003,72,monitor,-0.023142026315229994
0.41000000000000003,72,monitor,-0.02191653372074258
0.41100000000000003,72,monitor,-0.020688779661361734
0.41200000000000003,72,monitor,-0.019459429723714325
0.41300000000000003,72,monitor,-0.018228724494946027
0.41400000000000003,72,monitor,-0.01699660648300244
0.41500000000000004,72,monitor,-0.01576290311958015
0.41600000000000004,72,monitor,-0.014527358422478188
0.417,72,monitor,-0.013289681562632428
0.418,72,monitor,-0.012049692979987425
0.419,72,monitor,-0.010807414729578933
0.42,72,monitor,-0.009562974300608963
0.421,72,monitor,-0.008316523488920806
0.422,72,monitor,-0.007068160686827592
0.423,72,monitor,-0.00581794269838283
0.424,72,monitor,-0.004565934317702459
0.425,72,monitor,-0.003312248128748786
0.426,72,monitor,-0.002057039500811878
0.427,72,monitor,-0.0008004629092698279
0.428,72,monitor,0.0004573562791288163
0.429,72,monitor,0.0017163198610768218
0.43,72,monitor,0.002976367250392173
0.431,72,monitor,0.004237657701317336
0.432,72,monitor,0.005500783666918804
0.433,72,monitor,0.006766358866862374
0.434,72,monitor,0.008034176571562902
0.435,72,monitor,0.00930347298184864
0.436,72,monitor,0.010573916484329312
0.437,72,monitor,0.011845571958168051
0.438,72,monitor,0.013118634496163871
0.439,72,monitor,0.014393355212718558
0.44,72,monitor,0.01566997586348127
0.441,72,monitor,0.016948634220073533
0.442,72,monitor,0.018229316275592773
0.443,72,monitor,0.019511892616278524
0.444,72,monitor,0.020796212530560715
0.445,72,monitor,0.02208217026879944
0.446,72,monitor,0.023369680372720844
0.447,72,monitor,0.024658646127480775
0.448,72,monitor,0.025948937599587305
0.449,72,monitor,0.02724040748234391
0.45,72,monitor,0.028532918779692364
0.451,72,monitor,0.029826366854470956
0.452,72,monitor,0.031120694622459612
0.453,72,monitor,0.03241591396452931
0.454,72,monitor,0.03371224620945988
0.455,72,monitor,0.03501025863748727
0.456,72,monitor,0.03631051308846551
0.457,72,monitor,0.03761301881194148
0.458,72,monitor,0.038917285319976236
0.459,72,monitor,0.0402228076445016
0.46,72,monitor,0.041529459994787514
0.461,72,monitor,0.042837405215344536
0.462,72,monitor,0.0441469305636452
0.463,72,monitor,0.045458309706139725
0.464,72,monitor,0.04677168235930012
0.465,72,monitor,0.048087029804391404
0.466,72,monitor,0.049404220041259876
0.467,72,monitor,0.0507231047648265
0.468,72,monitor,0.05204355247536494
0.46900000000000003,72,monitor,0.05336545564878038
0.47000000000000003,72,monitor,0.054688715713571256
0.47100000000000003,72,monitor,0.05601320899147581
0.47200000000000003,72,monitor,0.05733880644742007
0.47300000000000003,72,monitor,0.05866540017914125
0.47400000000000003,72,monitor,0.05999291613318923
0.47500000000000003,72,monitor,0.06132131599102546
0.47600000000000003,72,monitor,0.06265061400582932
0.47700000000000004,72,monitor,0.06398097836262065
0.47800000000000004,72,monitor,0.06531293648112284
0.47900000000000004,72,monitor,0.06664727104647179
0.48,72,monitor,0.06798430421188009
0.481,72,monitor,0.06932360680757625
0.482,72,monitor,0.07066453217104558
0.483,72,monitor,0.07200680738282918
0.484,72,monitor,0.07335052236322796
0.485,72,monitor,0.07469594011716679
0.486,72,monitor,0.0760433119086657
0.487,72,monitor,0.07739279080891501
0.488,72,monitor,0.07874435472573366
0.489,72,monitor,0.08009784055705567
0.49,72,monitor,0.0814530629699574
0.491,72,monitor,0.08280986047444353
0.492,72,monitor,0.08416831707436093
0.493,72,monitor,0.08553013016885767
0.494,72,monitor,0.08689501226693636
0.495,72,monitor,0.08826131359323133
0.496,72,monitor,0.08962859535704848
0.497,72,monitor,0.09099675045447453
0.498,72,monitor,0.09236575299134027
0.499,72,monitor,0.0937356224575072
0.5,72,monitor,0.09510650110192298
0.501,72,monitor,0.09647881084577148
0.502,72,monitor,0.09785327787311317
0.503,72,monitor,0.09923045541069175
0.504,72,monitor,0.10061015885661087
0.505,72,monitor,0.10199174766634564
0.506,72,monitor,0.10337480271798545
0.507,72,monitor,0.1047593085563757
0.508,72,monitor,0.10614545247118809
0.509,72,monitor,0.1075334369362973
0.51,72,monitor,0.10892338257934053
0.511,72,monitor,0.11031525494739775
0.512,72,monitor,0.11170890335685252
0.513,72,monitor,0.11310412866260543
0.514,72,monitor,0.1145007345314534
0.515,72,monitor,0.11589887885632937
0.516,72,monitor,0.11729963099402926
0.517,72,monitor,0.11870408181310638
0.518,72,monitor,0.12011176163365087
0.519,72,monitor,0.12152071268234801
0.52,72,monitor,0.1229303785037773
0.521,72,monitor,0.12434075346739859
0.522,72,monitor,0.12575187069849095
0.523,72,monitor,0.12716387388941455
0.524,72,monitor,0.12857713118836503
0.525,72,monitor,0.1299922043441088
0.526,72,monitor,0.13140955875105684
0.527,72,monitor,0.1328292653035102
0.528,72,monitor,0.13425098771910993
0.529,72,monitor,0.13567428633269926
0.53,72,monitor,0.13709902088443524
0.531,72,monitor,0.13852528794758273
0.532,72,monitor,0.13995324921737953
0.533,72,monitor,0.14138298947259484
0.534,72,monitor,0.142814464133163
0.535,72,monitor,0.14424752705511745
0.536,72,monitor,0.1456819781371369
0.537,72,monitor,0.1471176188169676
0.538,72,monitor,0.14855431802917846
0.539,72,monitor,0.14999291808203968
0.54,72,monitor,0.1514357802640307
0.541,72,monitor,0.15288252675171335
0.542,72,monitor,0.1543314199852155
0.543,72,monitor,0.15578138700553523
0.544,72,monitor,0.1572321191940753
0.545,72,monitor,0.15868362743147488
0.546,72,monitor,0.16013606276862163
0.547,72,monitor,0.1615897688059433
0.548,72,monitor,0.16304529415429378
0.549,72,monitor,0.164503097447199
0.55,72,monitor,0.1659632577948181
0.551,72,monitor,0.1674254819399823
0.552,72,monitor,0.16888942036932147
0.553,72,monitor,0.17035493222558665
0.554,72,monitor,0.17182206841718484
0.555,72,monitor,0.17329093106290738
0.556,72,monitor,0.1747615449028686
0.557,72,monitor,0.17623384064037872
0.558,72,monitor,0.17770760461202095
0.559,72,monitor,0.17918262689892445
0.56,72,monitor,0.18065873300968754
0.561,72,monitor,0.1821358910777768
0.562,72,monitor,0.18361479660607943
0.5630000000000001,72,monitor,0.18509727370484333
0.5640000000000001,72,monitor,0.1865843442001229
0.5650000000000001,72,monitor,0.1880744737156514
0.5660000000000001,72,monitor,0.18956596646642168
0.5670000000000001,72,monitor,0.19105835923225994
0.5680000000000001,72,monitor,0.19255166206323154
0.5690000000000001,72,monitor,0.19404605665424535
0.5700000000000001,72,monitor,0.1955419010973504
0.5710000000000001,72,monitor,0.19703966063576434
0.5720000000000001,72,monitor,0.19853969498435245
0.5730000000000001,72,monitor,0.20004212316198627
0.5740000000000001,72,monitor,0.20154662385171962
0.5750000000000001,72,monitor,0.20305287873870048
0.5760000000000001,72,monitor,0.2045607944753862
0.577,72,monitor,0.20607041384968394
0.578,72,monitor,0.20758177314101728
0.579,72,monitor,0.20909478076466542
0.58,72,monitor,0.21060925445245038
0.581,72,monitor,0.2121249698716206
0.582,72,monitor,0.2136417026746284
0.583,72,monitor,0.2151592970637644
0.584,72,monitor,0.21667774248258453
0.585,72,monitor,0.21819776183335315
0.586,72,monitor,0.21972121610073517
0.587,72,monitor,0.22124930738798773
0.588,72,monitor,0.2227806066740073
0.589,72,monitor,0.2243130346735906
0.59,72,monitor,0.22584614840047967
0.591,72,monitor,0.22738001670541996
0.592,72,monitor,0.22891487514621411
0.593,72,monitor,0.2304511040400041
0.594,72,monitor,0.2319890950601414
0.595,72,monitor,0.23352911155601713
0.596,72,monitor,0.23507107435723829
0.597,72,monitor,0.23661476182528948
0.598,72,monitor,0.23815999196567178
0.599,72,monitor,0.23970667345674387
0.6,72,monitor,0.24125477689905755
0.601,72,monitor,0.24280423307536392
0.602,72,monitor,0.2443548942642848
0.603,72,monitor,0.2459065347838754
0.604,72,monitor,0.2474589683194826
0.605,72,monitor,0.24901206406915127
0.606,72,monitor,0.2505657621139096
0.607,72,monitor,0.25212038374277396
0.608,72,monitor,0.25367709653872716
0.609,72,monitor,0.25523724074472265
0.61,72,monitor,0.2568008553651681
0.611,72,monitor,0.2583668584455142
0.612,72,monitor,0.2599340842907295
0.613,72,monitor,0.2615019993741017
0.614,72,monitor,0.2630706760154488
0.615,72,monitor,0.2646404743406149
0.616,72,monitor,0.2662118171030411
0.617,72,monitor,0.26778498471327605
0.618,72,monitor,0.26935999933979987
0.619,72,monitor,0.2709367107725149
0.62,72,monitor,0.2725149210866361
0.621,72,monitor,0.2741040949867293
0.622,72,monitor,0.27570813152691565
0.623,72,monitor,0.2773188433961887
0.624,72,monitor,0.2789304693116562
0.625,72,monitor,0.2805428574392391
0.626,72,monitor,0.28215588712886747
0.627,72,monitor,0.2837694733916619
0.628,72,monitor,0.2853835881269611
0.629,72,monitor,0.2869983893703653
0.63,72,monitor,0.2886147261078384
0.631,72,monitor,0.29023401657777914
0.632,72,monitor,0.2918568227783139
0.633,72,monitor,0.29348185217813993
0.634,72,monitor,0.29510795660572137
0.635,72,monitor,0.2967348236164108
0.636,72,monitor,0.2983626207010259
0.637,72,monitor,0.29999170497188554
0.638,72,monitor,0.3016224379741902
0.639,72,monitor,0.3032549778043104
0.64,72,monitor,0.30488921791901036
0.641,72,monitor,0.30652496261570755
0.642,72,monitor,0.3081624230595321
0.643,72,monitor,0.30980670467187704
0.644,72,monitor,0.3114668534781626
0.645,72,monitor,0.3131306434171322
0.646,72,monitor,0.31479542003087957
0.647,72,monitor,0.3164607628709516
0.648,72,monitor,0.3181266087330443
0.649,72,monitor,0.3197929367760016
0.65,72,monitor,0.3214598117290295
0.651,72,monitor,0.32312765315629777
0.652,72,monitor,0.3247974820535277
0.653,72,monitor,0.3264701697609658
0.654,72,monitor,0.3281453501528845
0.655,72,monitor,0.3298219445920411
0.656,72,monitor,0.33149937484416475
0.657,72,monitor,0.3331776905015924
0.658,72,monitor,0.3348571816371399
0.659,72,monitor,0.3365381183661008
0.66,72,monitor,0.338220610451043
0.661,72,monitor,0.33990458006495494
0.662,72,monitor,0.34158983043293045
0.663,72,monitor,0.3432765034117976
0.664,72,monitor,0.34496721352066984
0.665,72,monitor,0.3466659692272268
0.666,72,monitor,0.3483733890203644
0.667,72,monitor,0.3500823060244267
0.668,72,monitor,0.3517916179547516
0.669,72,monitor,0.35350130103220745
0.67,72,monitor,0.3552113626424257
0.671,72,monitor,0.356921911343415
0.672,72,monitor,0.3586334165677287
0.673,72,monitor,0.36034668607001186
0.674,72,monitor,0.362062158218881
0.675,72,monitor,0.3637794851920525
0.676,72,monitor,0.36549800356996726
0.677,72,monitor,0.3672173484081758
0.678,72,monitor,0.3689375850112524
0.679,72,monitor,0.3706589565386017
0.68,72,monitor,0.37238162614200465
0.681,72,monitor,0.3741055709405732
0.682,72,monitor,0.37583062091779734
0.683,72,monitor,0.37755657002317383
0.684,72,monitor,0.3792836641528262
0.685,72,monitor,0.381015544356684
0.686,72,monitor,0.382754848268309
0.687,72,monitor,0.384498561733539
0.6880000000000001,72,monitor,0.38624363882868906
0.6890000000000001,72,monitor,0.38798914690230296
0.6900000000000001,72,monitor,0.38973501711442465
0.6910000000000001,72,monitor,0.39148132982380146
0.6920000000000001,72,monitor,0.3932284352554125
0.6930000000000001,72,monitor,0.39497701592572143
0.6940000000000001,72,monitor,0.39672755880278343
0.6950000000000001,72,monitor,0.39847984876487874
0.6960000000000001,72,monitor,0.40023330806546464
0.6970000000000001,72,monitor,0.40198764179861396
0.6980000000000001,72,monitor,0.4037429291593346
0.6990000000000001,72,monitor,0.405499386884379
0.7000000000000001,72,monitor,0.40725704436747856
0.7010000000000001,72,monitor,0.4090157858872287
0.7020000000000001,72,monitor,0.41077541180317123
0.7030000000000001,72,monitor,0.4125357878690321
0.704,72,monitor,0.4142974662041068
0.705,72,monitor,0.41606289802243634
0.706,72,monitor,0.41783422361558886
0.707,72,monitor,0.41960952352468356
0.708,72,monitor,0.421386035703255
0.709,72,monitor,0.4231630079999149
0.71,72,monitor,0.42494045180270734
0.711,72,monitor,0.42671857054087914
0.712,72,monitor,0.4284978026211579
0.713,72,monitor,0.43027863595098814
0.714,72,monitor,0.4320611478324869
0.715,72,monitor,0.433844976639329
0.716,72,monitor,0.4356298189865405
0.717,72,monitor,0.437415668179907
0.718,72,monitor,0.4392026306913569
0.719,72,monitor,0.4409907067289214
0.72,72,monitor,0.44277974921327556
0.721,72,monitor,0.44456951677547146
0.722,72,monitor,0.44635983848618266
0.723,72,monitor,0.4481508527672059
0.724,72,monitor,0.4499442023631121
0.725,72,monitor,0.45174266067803986
0.726,72,monitor,0.4535453667397477
0.727,72,monitor,0.4553492324744731
0.728,72,monitor,0.45715341677677623
0.729,72,monitor,0.45895798828554946
0.73,72,monitor,0.4607631732697442
0.731,72,monitor,0.46256935421056394
0.732,72,monitor,0.4643768346747015
0.733,72,monitor,0.4661855940362952
0.734,72,treat,0.46799999999999997
0.735,72,treat,0.47
0.736,72,treat,0.472
0.737,72,treat,0.474
0.738,72,treat,0.476
0.739,72,treat,0.478
0.74,72,treat,0.48
0.741,72,treat,0.482
0.742,72,treat,0.484
0.743,72,treat,0.486
0.744,72,treat,0.488
0.745,72,treat,0.49
0.746,72,treat,0.492
0.747,72,treat,0.494
0.748,72,treat,0.496
0.749,72,treat,0.498
0.75,72,treat,0.5
0.751,72,treat,0.502
0.752,72,treat,0.504
0.753,72,treat,0.506
0.754,72,treat,0.508
0.755,72,treat,0.51
0.756,72,treat,0.512
0.757,72,treat,0.514
0.758,72,treat,0.516
0.759,72,treat,0.518
0.76,72,treat,0.52
0.761,72,treat,0.522
0.762,72,treat,0.524
0.763,72,treat,0.526
0.764,72,treat,0.528
0.765,72,treat,0.53
0.766,72,treat,0.532
0.767,72,treat,0.534
0.768,72,treat,0.536
0.769,72,treat,0.538
0.77,72,treat,0.54
0.771,72,treat,0.542
0.772,72,treat,0.544
0.773,72,treat,0.546
0.774,72,treat,0.548
0.775,72,treat,0.55
0.776,72,treat,0.552
0.777,72,treat,0.554
0.778,72,treat,0.556
0.779,72,treat,0.558
0.78,72,treat,0.56
0.781,72,treat,0.562
0.782,72,treat,0.5640000000000001
0.783,72,treat,0.5660000000000001
0.784,72,treat,0.5680000000000001
0.785,72,treat,0.5700000000000001
0.786,72,treat,0.5720000000000001
0.787,72,treat,0.5740000000000001
0.788,72,treat,0.5760000000000001
0.789,72,treat,0.5780000000000001
0.79,72,treat,0.5800000000000001
0.791,72,treat,0.5820000000000001
0.792,72,treat,0.5840000000000001
0.793,72,treat,0.5860000000000001
0.794,72,treat,0.5880000000000001
0.795,72,treat,0.5900000000000001
0.796,72,treat,0.5920000000000001
0.797,72,treat,0.5940000000000001
0.798,72,treat,0.5960000000000001
0.799,72,treat,0.5980000000000001
0.8,72,treat,0.6000000000000001
0.801,72,treat,0.6020000000000001
0.802,72,treat,0.6040000000000001
0.803,72,treat,0.6060000000000001
0.804,72,treat,0.6080000000000001
0.805,72,treat,0.6100000000000001
0.806,72,treat,0.6120000000000001
0.807,72,treat,0.6140000000000001
0.808,72,treat,0.6160000000000001
0.809,72,treat,0.6180000000000001
0.81,72,treat,0.6200000000000001
0.811,72,treat,0.6220000000000001
0.812,72,treat,0.6240000000000001
0.8130000000000001,72,treat,0.6260000000000001
0.8140000000000001,72,treat,0.6280000000000001
0.8150000000000001,72,treat,0.6300000000000001
0.8160000000000001,72,treat,0.6320000000000001
0.8170000000000001,72,treat,0.6340000000000001
0.8180000000000001,72,treat,0.6360000000000001
0.8190000000000001,72,treat,0.6380000000000001
0.8200000000000001,72,treat,0.6400000000000001
0.8210000000000001,72,treat,0.6420000000000001
0.8220000000000001,72,treat,0.6440000000000001
0.8230000000000001,72,treat,0.6460000000000001
0.8240000000000001,72,treat,0.6480000000000001
0.8250000000000001,72,treat,0.6500000000000001
0.8260000000000001,72,treat,0.6520000000000001
0.8270000000000001,72,treat,0.6540000000000001
0.8280000000000001,72,treat,0.6560000000000001
0.8290000000000001,72,treat,0.6580000000000001
0.8300000000000001,72,treat,0.6600000000000001
0.8310000000000001,72,treat,0.6620000000000001
0.8320000000000001,72,treat,0.6640000000000001
0.833,72,treat,0.6659999999999999
0.834,72,treat,0.6679999999999999
0.835,72,treat,0.6699999999999999
0.836,72,treat,0.6719999999999999
0.837,72,treat,0.6739999999999999
0.838,72,treat,0.6759999999999999
0.839,72,treat,0.6779999999999999
0.84,72,treat,0.6799999999999999
0.841,72,treat,0.6819999999999999
0.842,72,treat,0.6839999999999999
0.843,72,treat,0.6859999999999999
0.844,72,treat,0.688
0.845,72,treat,0.69
0.846,72,treat,0.692
0.847,72,treat,0.694
0.848,72,treat,0.696
0.849,72,treat,0.698
0.85,72,treat,0.7
0.851,72,treat,0.702
0.852,72,treat,0.704
0.853,72,treat,0.706
0.854,72,treat,0.708
0.855,72,treat,0.71
0.856,72,treat,0.712
0.857,72,treat,0.714
0.858,72,treat,0.716
0.859,72,treat,0.718
0.86,72,treat,0.72
0.861,72,treat,0.722
0.862,72,treat,0.724
0.863,72,treat,0.726
0.864,72,treat,0.728
0.865,72,treat,0.73
0.866,72,treat,0.732
0.867,72,treat,0.734
0.868,72,treat,0.736
0.869,72,treat,0.738
0.87,72,treat,0.74
0.871,72,treat,0.742
0.872,72,treat,0.744
0.873,72,treat,0.746
0.874,72,treat,0.748
0.875,72,treat,0.75
0.876,72,treat,0.752
0.877,72,treat,0.754
0.878,72,treat,0.756
0.879,72,treat,0.758
0.88,72,treat,0.76
0.881,72,treat,0.762
0.882,72,treat,0.764
0.883,72,treat,0.766
0.884,72,treat,0.768
0.885,72,treat,0.77
0.886,72,treat,0.772
0.887,72,treat,0.774
0.888,72,treat,0.776
0.889,72,treat,0.778
0.89,72,treat,0.78
0.891,72,treat,0.782
0.892,72,treat,0.784
0.893,72,treat,0.786
0.894,72,treat,0.788
0.895,72,treat,0.79
0.896,72,treat,0.792
0.897,72,treat,0.794
0.898,72,treat,0.796
0.899,72,treat,0.798
0.9,72,treat,0.8
0.901,72,treat,0.802
0.902,72,treat,0.804
0.903,72,treat,0.806
0.904,72,treat,0.808
0.905,72,treat,0.81
0.906,72,treat,0.812
0.907,72,treat,0.8140000000000001
0.908,72,treat,0.8160000000000001
0.909,72,treat,0.8180000000000001
0.91,72,treat,0.8200000000000001
0.911,72,treat,0.8220000000000001
0.912,72,treat,0.8240000000000001
0.913,72,treat,0.8260000000000001
0.914,72,treat,0.8280000000000001
0.915,72,treat,0.8300000000000001
0.916,72,treat,0.8320000000000001
0.917,72,treat,0.8340000000000001
0.918,72,treat,0.8360000000000001
0.919,72,treat,0.8380000000000001
0.92,72,treat,0.8400000000000001
0.921,72,treat,0.8420000000000001
0.922,72,treat,0.8440000000000001
0.923,72,treat,0.8460000000000001
0.924,72,treat,0.8480000000000001
0.925,72,treat,0.8500000000000001
0.926,72,treat,0.8520000000000001
0.927,72,treat,0.8540000000000001
0.928,72,treat,0.8560000000000001
0.929,72,treat,0.8580000000000001
0.93,72,treat,0.8600000000000001
0.931,72,treat,0.8620000000000001
0.932,72,treat,0.8640000000000001
0.933,72,treat,0.8660000000000001
0.934,72,treat,0.8680000000000001
0.935,72,treat,0.8700000000000001
0.936,72,treat,0.8720000000000001
0.937,72,treat,0.8740000000000001
0.9380000000000001,72,treat,0.8760000000000001
0.9390000000000001,72,treat,0.8780000000000001
0.9400000000000001,72,treat,0.8800000000000001
0.9410000000000001,72,treat,0.8820000000000001
0.9420000000000001,72,treat,0.8840000000000001
0.9430000000000001,72,treat,0.8860000000000001
0.9440000000000001,72,treat,0.8880000000000001
0.9450000000000001,72,treat,0.8900000000000001
0.9460000000000001,72,treat,0.8920000000000001
0.9470000000000001,72,treat,0.8940000000000001
0.9480000000000001,72,treat,0.8960000000000001
0.9490000000000001,72,treat,0.8980000000000001
0.9500000000000001,72,treat,0.9000000000000001
0.9510000000000001,72,treat,0.9020000000000001
0.9520000000000001,72,treat,0.9040000000000001
0.9530000000000001,72,treat,0.9060000000000001
0.9540000000000001,72,treat,0.9080000000000001
0.9550000000000001,72,treat,0.9100000000000001
0.9560000000000001,72,treat,0.9120000000000001
0.9570000000000001,72,treat,0.9140000000000001
0.9580000000000001,72,treat,0.9160000000000001
0.9590000000000001,72,treat,0.9180000000000001
0.96,72,treat,0.9199999999999999
0.961,72,treat,0.9219999999999999
0.962,72,treat,0.9239999999999999
0.963,72,treat,0.9259999999999999
0.964,72,treat,0.9279999999999999
0.965,72,treat,0.9299999999999999
0.966,72,treat,0.9319999999999999
0.967,72,treat,0.9339999999999999
0.968,72,treat,0.9359999999999999
0.969,72,treat,0.938
0.97,72,treat,0.94
0.971,72,treat,0.942
0.972,72,treat,0.944
0.973,72,treat,0.946
0.974,72,treat,0.948
0.975,72,treat,0.95
0.976,72,treat,0.952
0.977,72,treat,0.954
0.978,72,treat,0.956
0.979,72,treat,0.958
0.98,72,treat,0.96
0.981,72,treat,0.962
0.982,72,treat,0.964
0.983,72,treat,0.966
0.984,72,treat,0.968
0.985,72,treat,0.97
0.986,72,treat,0.972
0.987,72,treat,0.974
0.988,72,treat,0.976
0.989,72,treat,0.978
0.99,72,treat,0.98
0.991,72,treat,0.982
0.992,72,treat,0.984
0.993,72,treat,0.986
0.994,72,treat,0.988
0.995,72,treat,0.99
0.996,72,treat,0.992
0.997,72,treat,0.994
0.998,72,treat,0.996
0.999,72,treat,0.998
1.0,72,treat,1.0
0.0,24,monitor,-0.19493741382609878
0.001,24,monitor,-0.19891829965760532
0.002,24,monitor,-0.20283201848896432
0.003,24,monitor,-0.20667871656854514
0.004,24,monitor,-0.21046015426334336
0.005,24,monitor,-0.21417749594693677
0.006,24,monitor,-0.21782837612653166
0.007,24,monitor,-0.22141737264586797
0.008,24,monitor,-0.22494610808572
0.009000000000000001,24,monitor,-0.22841577966869442
0.01,24,monitor,-0.23183184279854505
0.011,24,monitor,-0.23519423762555955
0.012,24,monitor,-0.2385022597228002
0.013000000000000001,24,monitor,-0.2417590523508343
0.014,24,monitor,-0.24496271435726832
0.015,24,monitor,-0.24811022848265782
0.016,24,monitor,-0.25119884834076334
0.017,24,monitor,-0.2542298490527802
0.018000000000000002,24,monitor,-0.25721219154345987
0.019,24,monitor,-0.26014969664935667
0.02,24,monitor,-0.263040328594339
0.021,24,monitor,-0.2658861806836287
0.022,24,monitor,-0.26868797898507873
0.023,24,monitor,-0.27144588362201344
0.024,24,monitor,-0.27416186276061355
0.025,24,monitor,-0.2768358983601445
0.026000000000000002,24,monitor,-0.2794675999481946
0.027,24,monitor,-0.282055088734311
0.028,24,monitor,-0.28459833199347945
0.029,24,monitor,-0.2870989822611585
0.03,24,monitor,-0.2895566043566174
0.031,24,monitor,-0.2919725210496172
0.032,24,monitor,-0.294347589937882
0.033,24,monitor,-0.29668231741783946
0.034,24,monitor,-0.29897900598225613
0.035,24,monitor,-0.3012370409554479
0.036000000000000004,24,monitor,-0.3034596117365791
0.037,24,monitor,-0.30564347056821833
0.038,24,monitor,-0.3077921538545432
0.039,24,monitor,-0.3099050715158175
0.04,24,monitor,-0.3119824761524832
0.041,24,monitor,-0.3140261188365726
0.042,24,monitor,-0.31603508353769105
0.043000000000000003,24,monitor,-0.3180109477937726
0.044,24,monitor,-0.3199547675419976
0.045,24,monitor,-0.32186633289858646
0.046,24,monitor,-0.3237485085089599
0.047,24,monitor,-0.3256011903922116
0.048,24,monitor,-0.3274233782257052
0.049,24,monitor,-0.3292179262434502
0.05,24,monitor,-0.3309850890705314
0.051000000000000004,24,monitor,-0.3327238013988089
0.052000000000000005,24,monitor,-0.3344348045857503
0.053,24,monitor,-0.33611894602198433
0.054,24,monitor,-0.3377750236913958
0.055,24,monitor,-0.3394033229700667
0.056,24,monitor,-0.34100275764029625
0.057,24,monitor,-0.342573936757693
0.058,24,monitor,-0.34411446349438607
0.059000000000000004,24,monitor,-0.3456237094312984
0.06,24,monitor,-0.3471030951636279
0.061,24,monitor,-0.34855421498706884
0.062,24,monitor,-0.34997644094741787
0.063,24,monitor,-0.3513699231576663
0.064,24,monitor,-0.35273591489080613
0.065,24,monitor,-0.3540753684941688
0.066,24,monitor,-0.35539006025760284
0.067,24,monitor,-0.3566795157825074
0.068,24,monitor,-0.35794501493050224
0.069,24,monitor,-0.3591867588420327
0.07,24,monitor,-0.3604045146484279
0.07100000000000001,24,monitor,-0.36159977214252187
0.07200000000000001,24,monitor,-0.36277312242617776
0.073,24,monitor,-0.36392370604510893
0.074,24,monitor,-0.3650522584677357
0.075,24,monitor,-0.3661573956069804
0.076,24,monitor,-0.36723975862875236
0.077,24,monitor,-0.36829898905317393
0.078,24,monitor,-0.3693356640597031
0.079,24,monitor,-0.3703483362292427
0.08,24,monitor,-0.37133830412736235
0.081,24,monitor,-0.37230304247518253
0.082,24,monitor,-0.3732443977808806
0.083,24,monitor,-0.37416297370046564
0.084,24,monitor,-0.37506120853224456
0.085,24,monitor,-0.3759385525558798
0.08600000000000001,24,monitor,-0.3767972590778302
0.08700000000000001,24,monitor,-0.37763685398605207
0.088,24,monitor,-0.3784586037071065
0.089,24,monitor,-0.37926277547205295
0.09,24,monitor,-0.3800506687518258
0.091,24,monitor,-0.3808223214665418
0.092,24,monitor,-0.3815776158160055
0.093,24,monitor,-0.3823160758429325
0.094,24,monitor,-0.383037781960235
0.095,24,monitor,-0.3837434997801555
0.096,24,monitor,-0.3844336533311718
0.097,24,monitor,-0.38510885667818134
0.098,24,monitor,-0.38576950448259584
0.099,24,monitor,-0.3864156350230259
0.1,24,monitor,-0.3870468336744708
0.101,24,monitor,-0.38766256075529515
0.10200000000000001,24,monitor,-0.38826176145296587
0.10300000000000001,24,monitor,-0.38884426815424344
0.10400000000000001,24,monitor,-0.3894088130855083
0.105,24,monitor,-0.3899546367356647
0.106,24,monitor,-0.3904808263230746
0.107,24,monitor,-0.39098816792693225
0.108,24,monitor,-0.3914759457428375
0.109,24,monitor,-0.39194448277994554
0.11,24,monitor,-0.3923940415117346
0.111,24,monitor,-0.39282522779962536
0.112,24,monitor,-0.39323902046511533
0.113,24,monitor,-0.39363500287903896
0.114,24,monitor,-0.394013745885787
0.115,24,monitor,-0.39437469352449184
0.116,24,monitor,-0.394718990168581
0.117,24,monitor,-0.3950460910201112
0.11800000000000001,24,monitor,-0.39535588424959994
0.11900000000000001,24,monitor,-0.3956502336799462
0.12,24,monitor,-0.39592967527633927
0.121,24,monitor,-0.39619570631572887
0.122,24,monitor,-0.39644823138816737
0.123,24,monitor,-0.3966879914315087
0.124,24,monitor,-0.39691504814063827
0.125,24,monitor,-0.39712963299835247
0.126,24,monitor,-0.3973323678025811
0.127,24,monitor,-0.3975227441369409
0.128,24,monitor,-0.39770128827676704
0.129,24,monitor,-0.39786853288369683
0.13,24,monitor,-0.39802418029869335
0.131,24,monitor,-0.3981685061088192
0.132,24,monitor,-0.39830119157785243
0.133,24,monitor,-0.39842246845868445
0.134,24,monitor,-0.3985317431551049
0.135,24,monitor,-0.39862888559217624
0.136,24,monitor,-0.3987139258996836
0.137,24,monitor,-0.3987861745421706
0.138,24,monitor,-0.3988454542599257
0.139,24,monitor,-0.3988914910610539
0.14,24,monitor,-0.39892432216761414
0.14100000000000001,24,monitor,-0.3989434718879421
0.14200000000000002,24,monitor,-0.3989485040822334
0.14300000000000002,24,monitor,-0.39893894068750846
0.14400000000000002,24,monitor,-0.3989140580819258
0.145,24,monitor,-0.398873926014237
0.146,24,monitor,-0.39881879134985765
0.147,24,monitor,-0.3987486662395646
0.148,24,monitor,-0.39866414540730677
0.149,24,monitor,-0.3985657100486055
0.15,24,monitor,-0.39845380657169743
0.151,24,monitor,-0.3983295386128015
0.152,24,monitor,-0.39819337205850724
0.153,24,monitor,-0.3980459865739221
0.154,24,monitor,-0.3978881849915254
0.155,24,monitor,-0.39772075044462657
0.156,24,monitor,-0.39754430583615774
0.157,24,monitor,-0.39735885134247156
0.158,24,monitor,-0.39716440911836337
0.159,24,monitor,-0.3969611702997344
0.16,24,monitor,-0.3967488144615195
0.161,24,monitor,-0.3965269717968328
0.162,24,monitor,-0.396295512241636
0.163,24,monitor,-0.39605435137350464
0.164,24,monitor,-0.3958037632987653
0.165,24,monitor,-0.39554402480949696
0.166,24,monitor,-0.39527506190332656
0.167,24,monitor,-0.39499708369064107
0.168,24,monitor,-0.3947104817560892
0.169,24,monitor,-0.3944153947437603
0.17,24,monitor,-0.394112166039949
0.171,24,monitor,-0.39380116634741846
0.17200000000000001,24,monitor,-0.3934829560178712
0.17300000000000001,24,monitor,-0.3931583098924277
0.17400000000000002,24,monitor,-0.3928273454442644
0.17500000000000002,24,monitor,-0.39248986603866465
0.176,24,monitor,-0.3921456252992333
0.177,24,monitor,-0.39179408577525837
0.178,24,monitor,-0.3914345305147301
0.179,24,monitor,-0.39106654255269363
0.18,24,monitor,-0.3906894337086052
0.181,24,monitor,-0.39030206360510344
0.182,24,monitor,-0.38990364305363817
0.183,24,monitor,-0.38949355431722554
0.184,24,monitor,-0.3890709437102866
0.185,24,monitor,-0.38863548775686263
0.186,24,monitor,-0.38818640903768115
0.187,24,monitor,-0.38772442853126465
0.188,24,monitor,-0.38724996444626336
0.189,24,monitor,-0.3867636065844734
0.19,24,monitor,-0.3862663003515158
0.191,24,monitor,-0.3857589733721579
0.192,24,monitor,-0.3852425316252789
0.193,24,monitor,-0.3847173300291102
0.194,24,monitor,-0.3841832922715644
0.195,24,monitor,-0.38364019131725746
0.196,24,monitor,-0.3830875268152599
0.197,24,monitor,-0.3825248147137161
0.198,24,monitor,-0.38195206782910895
0.199,24,monitor,-0.3813689878231658
0.2,24,monitor,-0.38077539090424456
0.201,24,monitor,-0.3801708676122178
0.202,24,monitor,-0.3795563769125134
0.203,24,monitor,-0.3789329600495769
0.20400000000000001,24,monitor,-0.37830108103458293
0.20500000000000002,24,monitor,-0.377661874365302
0.20600000000000002,24,monitor,-0.37701602880617663
0.20700000000000002,24,monitor,-0.3763639550124019
0.20800000000000002,24,monitor,-0.3757059194479229
0.209,24,monitor,-0.3750419645959944
0.21,24,monitor,-0.37437199803274396
0.211,24,monitor,-0.37369581103079724
0.212,24,monitor,-0.3730133828789861
0.213,24,monitor,-0.37232476466530395
0.214,24,monitor,-0.3716302938331881
0.215,24,monitor,-0.3709302201323659
0.216,24,monitor,-0.37022492123232564
0.217,24,monitor,-0.36951432293907666
0.218,24,monitor,-0.36879841311999395
0.219,24,monitor,-0.36807801022509395
0.22,24,monitor,-0.3673531712146748
0.221,24,monitor,-0.36662384090864786
0.222,24,monitor,-0.36588980610478095
0.223,24,monitor,-0.365150826170607
0.224,24,monitor,-0.36440657388662934
0.225,24,monitor,-0.36365670325259863
0.226,24,monitor,-0.3629008057828972
0.227,24,monitor,-0.36213865239571497
0.228,24,monitor,-0.36136996769089974
0.229,24,monitor,-0.36059441028408024
0.23,24,monitor,-0.35981140025639125
0.231,24,monitor,-0.3590216909543706
0.232,24,monitor,-0.3582255798362644
0.233,24,monitor,-0.3574232841144819
0.234,24,monitor,-0.35661458586255296
0.23500000000000001,24,monitor,-0.35579987056545326
0.23600000000000002,24,monitor,-0.35497988400930774
0.23700000000000002,24,monitor,-0.35415460266947657
0.23800000000000002,24,monitor,-0.3533237123392033
0.23900000000000002,24,monitor,-0.3524866633679586
0.24,24,monitor,-0.35164257304575663
0.241,24,monitor,-0.35079046452494156
0.242,24,monitor,-0.34992954961540423
0.243,24,monitor,-0.3490598146313737
0.244,24,monitor,-0.34818123138923873
0.245,24,monitor,-0.347293711918691
0.246,24,monitor,-0.34639725942517485
0.247,24,monitor,-0.3454920423806027
0.248,24,monitor,-0.3445783145812891
0.249,24,monitor,-0.3436563769299962
0.25,24,monitor,-0.34272631886482696
0.251,24,monitor,-0.3417881465215177
0.252,24,monitor,-0.34084131256440925
0.253,24,monitor,-0.3398862278242465
0.254,24,monitor,-0.3389244966543104
0.255,24,monitor,-0.3379573679190056
0.256,24,monitor,-0.3369858617992284
0.257,24,monitor,-0.3360107325741813
0.258,24,monitor,-0.33503231410380124
0.259,24,monitor,-0.33405071113062024
0.26,24,monitor,-0.33306585243002923
0.261,24,monitor,-0.3320776067920187
0.262,24,monitor,-0.331085786223514
0.263,24,monitor,-0.33009009550947005
0.264,24,monitor,-0.3290901059361731
0.265,24,monitor,-0.32808521600729423
0.266,24,monitor,-0.3270750099413189
0.267,24,monitor,-0.32605969798542017
0.268,24,monitor,-0.325039721656758
0.269,24,monitor,-0.3240152071570107
0.27,24,monitor,-0.3229860012709901
0.271,24,monitor,-0.3219515713401237
0.272,24,monitor,-0.3209118958633947
0.273,24,monitor,-0.3198676693515265
0.274,24,monitor,-0.318818684927075
0.275,24,monitor,-0.3177646295163478
0.276,24,monitor,-0.3167052290744858
0.277,24,monitor,-0.31564037706082304
0.278,24,monitor,-0.31457022302730053
0.279,24,monitor,-0.3134952188635928
0.28,24,monitor,-0.31241601343794556
0.281,24,monitor,-0.3113331325800689
0.28200000000000003,24,monitor,-0.3102472118754251
0.28300000000000003,24,monitor,-0.30915874158218565
0.28400000000000003,24,monitor,-0.30806803276515987
0.28500000000000003,24,monitor,-0.3069750784485744
0.28600000000000003,24,monitor,-0.3058795466439555
0.28700000000000003,24,monitor,-0.3047809864159494
0.28800000000000003,24,monitor,-0.30367930765686124
0.289,24,monitor,-0.302574782777565
0.29,24,monitor,-0.30146758825141706
0.291,24,monitor,-0.30035716276211605
0.292,24,monitor,-0.2992425280243964
0.293,24,monitor,-0.29812360849498387
0.294,24,monitor,-0.2969997167956647
0.295,24,monitor,-0.29586999657860324
0.296,24,monitor,-0.2947338147627233
0.297,24,monitor,-0.29359075589843403
0.298,24,monitor,-0.29244041333458826
0.299,24,monitor,-0.29128209952612155
0.3,24,monitor,-0.2901149868995165
0.301,24,monitor,-0.28893816735871464
0.302,24,monitor,-0.2877511977126762
0.303,24,monitor,-0.286554216525791
0.304,24,monitor,-0.2853478583368911
0.305,24,monitor,-0.2841330627969853
0.306,24,monitor,-0.2829112576446563
0.307,24,monitor,-0.2816838995052335
0.308,24,monitor,-0.280452124013326
0.309,24,monitor,-0.27921669275057304
0.31,24,monitor,-0.27797791981669284
0.311,24,monitor,-0.27673578257142695
0.312,24,monitor,-0.27548991022017816
0.313,24,monitor,-0.2742399400100773
0.314,24,monitor,-0.2729861866468792
0.315,24,monitor,-0.27172820839544326
0.316,24,monitor,-0.270465676016761
0.317,24,monitor,-0.2691981397415957
0.318,24,monitor,-0.26792516120877513
0.319,24,monitor,-0.2666463074707104
0.32,24,monitor,-0.26536110603299734
0.321,24,monitor,-0.2640693761123173
0.322,24,monitor,-0.26277111584354906
0.323,24,monitor,-0.26146629422085
0.324,24,monitor,-0.26015436323397206
0.325,24,monitor,-0.25883712339773485
0.326,24,monitor,-0.25751634970025244
0.327,24,monitor,-0.25619280315299126
0.328,24,monitor,-0.25486704745151934
0.329,24,monitor,-0.25353939806429904
0.33,24,monitor,-0.2522099378389976
0.331,24,monitor,-0.2508786113612465
0.332,24,monitor,-0.2495452663946865
0.333,24,monitor,-0.24820964523257874
0.334,24,monitor,-0.24687142735935
0.335,24,monitor,-0.24553051415934743
0.336,24,monitor,-0.2441870941884652
0.337,24,monitor,-0.24284115680317467
0.338,24,monitor,-0.24149287995200655
0.339,24,monitor,-0.24014247285423412
0.34,24,monitor,-0.23878944560724147
0.341,24,monitor,-0.23743187836236856
0.342,24,monitor,-0.2360715353971521
0.343,24,monitor,-0.23470973078376114
0.34400000000000003,24,monitor,-0.23334668329149963
0.34500000000000003,24,monitor,-0.23198246535969608
0.34600000000000003,24,monitor,-0.23061712173230964
0.34700000000000003,24,monitor,-0.22925066837724672
0.34800000000000003,24,monitor,-0.22788304922067013
0.34900000000000003,24,monitor,-0.22651412816486696
0.35000000000000003,24,monitor,-0.22514369245425883
0.35100000000000003,24,monitor,-0.22377146908517392
0.352,24,monitor,-0.22239714862089077
0.353,24,monitor,-0.221020414751207
0.354,24,monitor,-0.2196409098694349
0.355,24,monitor,-0.21825791318669838
0.356,24,monitor,-0.2168698217414189
0.357,24,monitor,-0.21547516812074935
0.358,24,monitor,-0.2140750112989704
0.359,24,monitor,-0.21267047424692312
0.36,24,monitor,-0.21126134894776466
0.361,24,monitor,-0.20984746978045124
0.362,24,monitor,-0.20842890418568005
0.363,24,monitor,-0.2070059927089822
0.364,24,monitor,-0.20557940864564078
0.365,24,monitor,-0.20415007816090147
0.366,24,monitor,-0.202718911007391
0.367,24,monitor,-0.20128649852286126
0.368,24,monitor,-0.19985308069247595
0.369,24,monitor,-0.19841860025209027
0.37,24,monitor,-0.19698250467297465
0.371,24,monitor,-0.1955434599129626
0.372,24,monitor,-0.19410000884723305
0.373,24,monitor,-0.19265240808901632
0.374,24,monitor,-0.1912015234455981
0.375,24,monitor,-0.1897472133441932
0.376,24,monitor,-0.18828898485255122
0.377,24,monitor,-0.18682647298944385
0.378,24,monitor,-0.1853596153401891
0.379,24,monitor,-0.18388856187968924
0.38,24,monitor,-0.1824134677515603
0.381,24,monitor,-0.18093444658359104
0.382,24,monitor,-0.17945149478683506
0.383,24,monitor,-0.17796442778783292
0.384,24,monitor,-0.17647298977502568
0.385,24,monitor,-0.17497669319446518
0.386,24,monitor,-0.17347442416346243
0.387,24,monitor,-0.1719650565806382
0.388,24,monitor,-0.17044898049695797
0.389,24,monitor,-0.16892803933676023
0.39,24,monitor,-0.1674037053295178
0.391,24,monitor,-0.16587687641918847
0.392,24,monitor,-0.16434826159432822
0.393,24,monitor,-0.1628183692942502
0.394,24,monitor,-0.1612874915963866
0.395,24,monitor,-0.15975576785251097
0.396,24,monitor,-0.15822323722340406
0.397,24,monitor,-0.1566899101502084
0.398,24,monitor,-0.15515577823232732
0.399,24,monitor,-0.1536207793588784
0.4,24,monitor,-0.1520846908491819
0.401,24,monitor,-0.15054697105649661
0.402,24,monitor,-0.14900668852547616
0.403,24,monitor,-0.14746322077731625
0.404,24,monitor,-0.14591700665872395
0.405,24,monitor,-0.14436884091534935
0.406,24,monitor,-0.14281908863597967
0.40700000000000003,24,monitor,-0.1412677452397641
0.40800000000000003,24,monitor,-0.13971480065499423
0.40900000000000003,24,monitor,-0.13816027599234024
0.41000000000000003,24,monitor,-0.13660422708605144
0.41100000000000003,24,monitor,-0.13504671395353027
0.41200000000000003,24,monitor,-0.13348776300723716
0.41300000000000003,24,monitor,-0.13192731386982223
0.41400000000000003,24,monitor,-0.1303651023064516
0.41500000000000004,24,monitor,-0.12880057861713215
0.41600000000000004,24,monitor,-0.12723297838262573
0.417,24,monitor,-0.1256616635225576
0.418,24,monitor,-0.12408661698554524
0.419,24,monitor,-0.12250832997227096
0.42,24,monitor,-0.12092717032700631
0.421,24,monitor,-0.11934327251137504
0.422,24,monitor,-0.11775680557773988
0.423,24,monitor,-0.11616816726820381
0.424,24,monitor,-0.11457795199108052
0.425,24,monitor,-0.11298673160612863
0.426,24,monitor,-0.11139477036791594
0.427,24,monitor,-0.10980184252287536
0.428,24,monitor,-0.10820728998161863
0.429,24,monitor,-0.10661052346592642
0.43,24,monitor,-0.10501165989892138
0.431,24,monitor,-0.10341143177899052
0.432,24,monitor,-0.10181050405956517
0.433,24,monitor,-0.10020916983579793
0.434,24,monitor,-0.09860747766217826
0.435,24,monitor,-0.09700530910432822
0.436,24,monitor,-0.0954023371125871
0.437,24,monitor,-0.09379803062801725
0.438,24,monitor,-0.0921917515866589
0.439,24,monitor,-0.0905829627142442
0.44,24,monitor,-0.08897151496861795
0.441,24,monitor,-0.08735761900426894
0.442,24,monitor,-0.08574133429985759
0.443,24,monitor,-0.0841222310550162
0.444,24,monitor,-0.08249943826902059
0.445,24,monitor,-0.08087174943727372
0.446,24,monitor,-0.07923782604870355
0.447,24,monitor,-0.07759654107445985
0.448,24,monitor,-0.07594732666726565
0.449,24,monitor,-0.07429029862660162
0.45,24,monitor,-0.07262577310190949
0.451,24,monitor,-0.07095102164917105
0.452,24,monitor,-0.06925804236553734
0.453,24,monitor,-0.0675621280472663
0.454,24,monitor,-0.06586411068143257
0.455,24,monitor,-0.06416448971637331
0.456,24,monitor,-0.06246352847530888
0.457,24,monitor,-0.06076142347042737
0.458,24,monitor,-0.0590583871065428
0.459,24,monitor,-0.05735460609151431
0.46,24,monitor,-0.05565018999351808
0.461,24,monitor,-0.05394514255363068
0.462,24,monitor,-0.052239355375935465
0.463,24,monitor,-0.05053262159400419
0.464,24,monitor,-0.04882465044398461
0.465,24,monitor,-0.04711506388329615
0.466,24,monitor,-0.04540339854201804
0.467,24,monitor,-0.04368910452876172
0.468,24,monitor,-0.04197161181597745
0.46900000000000003,24,monitor,-0.04025013488400617
0.47000000000000003,24,monitor,-0.038521058037367224
0.47100000000000003,24,monitor,-0.03677858871018983
0.47200000000000003,24,monitor,-0.035031814745197135
0.47300000000000003,24,monitor,-0.03328242888951986
0.47400000000000003,24,monitor,-0.031531182694786025
0.47500000000000003,24,monitor,-0.02977872728544463
0.47600000000000003,24,monitor,-0.028025551384254097
0.47700000000000004,24,monitor,-0.026271985309422173
0.47800000000000004,24,monitor,-0.0245182140337694
0.47900000000000004,24,monitor,-0.022764303915635463
0.48,24,monitor,-0.021010249951511406
0.481,24,monitor,-0.019256006722851285
0.482,24,monitor,-0.017501490516596968
0.483,24,monitor,-0.015746578004973866
0.484,24,monitor,-0.013991121731545562
0.485,24,monitor,-0.012234984513365743
0.486,24,monitor,-0.010478077320723422
0.487,24,monitor,-0.008720376743814838
0.488,24,monitor,-0.0069619245907978425
0.489,24,monitor,-0.005200810106751837
0.49,24,monitor,-0.003432734627489893
0.491,24,monitor,-0.001661204069215133
0.492,24,monitor,0.00011113366758155885
0.493,24,monitor,0.0018838741290024066
0.494,24,monitor,0.0036569848369239905
0.495,24,monitor,0.005430436944218929
0.496,24,monitor,0.007204177047018721
0.497,24,monitor,0.00897813484831822
0.498,24,monitor,0.010752246286745249
0.499,24,monitor,0.012526468414327762
0.5,24,monitor,0.014300778528522191
0.501,24,monitor,0.016075167295415284
0.502,24,monitor,0.017849635635077812
0.503,24,monitor,0.01962419649163405
0.504,24,monitor,0.02139887526767766
0.505,24,monitor,0.023173786845142708
0.506,24,monitor,0.024950015320649072
0.507,24,monitor,0.026730264762135067
0.508,24,monitor,0.028515024731423495
0.509,24,monitor,0.030302356759633442
0.51,24,monitor,0.03209130855798847
0.511,24,monitor,0.033882156310090845
0.512,24,monitor,0.03567542815501449
0.513,24,monitor,0.03747161427639658
0.514,24,monitor,0.039271013456579865
0.515,24,monitor,0.041073584675618426
0.516,24,monitor,0.042878885826079245
0.517,24,monitor,0.04468617942137159
0.518,24,monitor,0.046494676714547774
0.519,24,monitor,0.048303765225011806
0.52,24,monitor,0.05011308737318256
0.521,24,monitor,0.05192250494116521
0.522,24,monitor,0.053732232768792736
0.523,24,monitor,0.05554339122725938
0.524,24,monitor,0.057357537831488975
0.525,24,monitor,0.05917399786864087
0.526,24,monitor,0.06099118681632626
0.527,24,monitor,0.06280863088779423
0.528,24,monitor,0.0646266673157786
0.529,24,monitor,0.06644588991219422
0.53,24,monitor,0.06826671282995718
0.531,24,monitor,0.07008912418649703
0.532,24,monitor,0.07191290919362364
0.533,24,monitor,0.07373792601460344
0.534,24,monitor,0.07556410558800628
0.535,24,monitor,0.07739137190283711
0.536,24,monitor,0.07921966363412848
0.537,24,monitor,0.08104901390892033
0.538,24,monitor,0.08287969047167074
0.539,24,monitor,0.0847128293615308
0.54,24,monitor,0.0865502681360116
0.541,24,monitor,0.08839210430408809
0.542,24,monitor,0.09023698847835039
0.543,24,monitor,0.09208395674513034
0.544,24,monitor,0.09393248676154986
0.545,24,monitor,0.0957821040175545
0.546,24,monitor,0.09763239784051914
0.547,24,monitor,0.0994830948733811
0.548,24,monitor,0.10133405071718501
0.549,24,monitor,0.10318519814037205
0.55,24,monitor,0.10503649874174523
0.551,24,monitor,0.10688792009681501
0.552,24,monitor,0.10873943397966016
0.553,24,monitor,0.1105910210963979
0.554,24,monitor,0.11244272376388725
0.555,24,monitor,0.114295091679982
0.556,24,monitor,0.11614904761728986
0.557,24,monitor,0.11800478480131471
0.558,24,monitor,0.11986166971881104
0.559,24,monitor,0.12171914107913587
0.56,24,monitor,0.12357706581267261
0.561,24,monitor,0.12543552080087242
0.562,24,monitor,0.12729457910791497
0.5630000000000001,24,monitor,0.12915423111622695
0.5640000000000001,24,monitor,0.13101438600366871
0.5650000000000001,24,monitor,0.13287491285701833
0.5660000000000001,24,monitor,0.13473568506195102
0.5670000000000001,24,monitor,0.13659660577103966
0.5680000000000001,24,monitor,0.13845763813234713
0.5690000000000001,24,monitor,0.14031895039321973
0.5700000000000001,24,monitor,0.1421810986848381
0.5710000000000001,24,monitor,0.14404465916460596
0.5720000000000001,24,monitor,0.14590960471785086
0.5730000000000001,24,monitor,0.14777548838843593
0.5740000000000001,24,monitor,0.14964210661785568
0.5750000000000001,24,monitor,0.1515096802359442
0.5760000000000001,24,monitor,0.1533785468989345
0.577,24,monitor,0.1552488008601084
0.578,24,monitor,0.15712016410854554
0.579,24,monitor,0.1589921720503859
0.58,24,monitor,0.16086445585903675
0.581,24,monitor,0.16273688363052885
0.582,24,monitor,0.16460989229453338
0.583,24,monitor,0.16648426148553452
0.584,24,monitor,0.1683600406171965
0.585,24,monitor,0.17023656586167468
0.586,24,monitor,0.17211330446933878
0.587,24,treat,0.17399999999999993
0.588,24,treat,0.17599999999999993
0.589,24,treat,0.17799999999999994
0.59,24,treat,0.17999999999999994
0.591,24,treat,0.18199999999999994
0.592,24,treat,0.18399999999999994
0.593,24,treat,0.18599999999999994
0.594,24,treat,0.18799999999999994
0.595,24,treat,0.18999999999999995
0.596,24,treat,0.19199999999999995
0.597,24,treat,0.19399999999999995
0.598,24,treat,0.19599999999999995
0.599,24,treat,0.19799999999999995
0.6,24,treat,0.19999999999999996
0.601,24,treat,0.20199999999999996
0.602,24,treat,0.20399999999999996
0.603,24,treat,0.20599999999999996
0.604,24,treat,0.20799999999999996
0.605,24,treat,0.20999999999999996
0.606,24,treat,0.21199999999999997
0.607,24,treat,0.21399999999999997
0.608,24,treat,0.21599999999999997
0.609,24,treat,0.21799999999999997
0.61,24,treat,0.21999999999999997
0.611,24,treat,0.22199999999999998
0.612,24,treat,0.22399999999999998
0.613,24,treat,0.22599999999999998
0.614,24,treat,0.22799999999999998
0.615,24,treat,0.22999999999999998
0.616,24,treat,0.23199999999999998
0.617,24,treat,0.23399999999999999
0.618,24,treat,0.236
0.619,24,treat,0.238
0.62,24,treat,0.24
0.621,24,treat,0.242
0.622,24,treat,0.244
0.623,24,treat,0.246
0.624,24,treat,0.248
0.625,24,treat,0.25
0.626,24,treat,0.252
0.627,24,treat,0.254
0.628,24,treat,0.256
0.629,24,treat,0.258
0.63,24,treat,0.26
0.631,24,treat,0.262
0.632,24,treat,0.264
0.633,24,treat,0.266
0.634,24,treat,0.268
0.635,24,treat,0.27
0.636,24,treat,0.272
0.637,24,treat,0.274
0.638,24,treat,0.276
0.639,24,treat,0.278
0.64,24,treat,0.28
0.641,24,treat,0.28200000000000003
0.642,24,treat,0.28400000000000003
0.643,24,treat,0.28600000000000003
0.644,24,treat,0.28800000000000003
0.645,24,treat,0.29000000000000004
0.646,24,treat,0.29200000000000004
0.647,24,treat,0.29400000000000004
0.648,24,treat,0.29600000000000004
0.649,24,treat,0.29800000000000004
0.65,24,treat,0.30000000000000004
0.651,24,treat,0.30200000000000005
0.652,24,treat,0.30400000000000005
0.653,24,treat,0.30600000000000005
0.654,24,treat,0.30800000000000005
0.655,24,treat,0.31000000000000005
0.656,24,treat,0.31200000000000006
0.657,24,treat,0.31400000000000006
0.658,24,treat,0.31600000000000006
0.659,24,treat,0.31800000000000006
0.66,24,treat,0.32000000000000006
0.661,24,treat,0.32200000000000006
0.662,24,treat,0.32400000000000007
0.663,24,treat,0.32600000000000007
0.664,24,treat,0.32800000000000007
0.665,24,treat,0.33000000000000007
0.666,24,treat,0.3320000000000001
0.667,24,treat,0.3340000000000001
0.668,24,treat,0.3360000000000001
0.669,24,treat,0.3380000000000001
0.67,24,treat,0.3400000000000001
0.671,24,treat,0.3420000000000001
0.672,24,treat,0.3440000000000001
0.673,24,treat,0.3460000000000001
0.674,24,treat,0.3480000000000001
0.675,24,treat,0.3500000000000001
0.676,24,treat,0.3520000000000001
0.677,24,treat,0.3540000000000001
0.678,24,treat,0.3560000000000001
0.679,24,treat,0.3580000000000001
0.68,24,treat,0.3600000000000001
0.681,24,treat,0.3620000000000001
0.682,24,treat,0.3640000000000001
0.683,24,treat,0.3660000000000001
0.684,24,treat,0.3680000000000001
0.685,24,treat,0.3700000000000001
0.686,24,treat,0.3720000000000001
0.687,24,treat,0.3740000000000001
0.6880000000000001,24,treat,0.3760000000000001
0.6890000000000001,24,treat,0.3780000000000001
0.6900000000000001,24,treat,0.3800000000000001
0.6910000000000001,24,treat,0.3820000000000001
0.6920000000000001,24,treat,0.3840000000000001
0.6930000000000001,24,treat,0.3860000000000001
0.6940000000000001,24,treat,0.3880000000000001
0.6950000000000001,24,treat,0.3900000000000001
0.6960000000000001,24,treat,0.3920000000000001
0.6970000000000001,24,treat,0.39400000000000013
0.6980000000000001,24,treat,0.39600000000000013
0.6990000000000001,24,treat,0.39800000000000013
0.7000000000000001,24,treat,0.40000000000000013
0.7010000000000001,24,treat,0.40200000000000014
0.7020000000000001,24,treat,0.40400000000000014
0.7030000000000001,24,treat,0.40600000000000014
0.704,24,treat,0.4079999999999999
0.705,24,treat,0.4099999999999999
0.706,24,treat,0.4119999999999999
0.707,24,treat,0.4139999999999999
0.708,24,treat,0.4159999999999999
0.709,24,treat,0.4179999999999999
0.71,24,treat,0.41999999999999993
0.711,24,treat,0.42199999999999993
0.712,24,treat,0.42399999999999993
0.713,24,treat,0.42599999999999993
0.714,24,treat,0.42799999999999994
0.715,24,treat,0.42999999999999994
0.716,24,treat,0.43199999999999994
0.717,24,treat,0.43399999999999994
0.718,24,treat,0.43599999999999994
0.719,24,treat,0.43799999999999994
0.72,24,treat,0.43999999999999995
0.721,24,treat,0.44199999999999995
0.722,24,treat,0.44399999999999995
0.723,24,treat,0.44599999999999995
0.724,24,treat,0.44799999999999995
0.725,24,treat,0.44999999999999996
0.726,24,treat,0.45199999999999996
0.727,24,treat,0.45399999999999996
0.728,24,treat,0.45599999999999996
0.729,24,treat,0.45799999999999996
0.73,24,treat,0.45999999999999996
0.731,24,treat,0.46199999999999997
0.732,24,treat,0.46399999999999997
0.733,24,treat,0.46599999999999997
0.734,24,treat,0.46799999999999997
0.735,24,treat,0.47
0.736,24,treat,0.472
0.737,24,treat,0.474
0.738,24,treat,0.476
0.739,24,treat,0.478
0.74,24,treat,0.48
0.741,24,treat,0.482
0.742,24,treat,0.484
0.743,24,treat,0.486
0.744,24,treat,0.488
0.745,24,treat,0.49
0.746,24,treat,0.492
0.747,24,treat,0.494
0.748,24,treat,0.496
0.749,24,treat,0.498
0.75,24,treat,0.5
0.751,24,treat,0.502
0.752,24,treat,0.504
0.753,24,treat,0.506
0.754,24,treat,0.508
0.755,24,treat,0.51
0.756,24,treat,0.512
0.757,24,treat,0.514
0.758,24,treat,0.516
0.759,24,treat,0.518
0.76,24,treat,0.52
0.761,24,treat,0.522
0.762,24,treat,0.524
0.763,24,treat,0.526
0.764,24,treat,0.528
0.765,24,treat,0.53
0.766,24,treat,0.532
0.767,24,treat,0.534
0.768,24,treat,0.536
0.769,24,treat,0.538
0.77,24,treat,0.54
0.771,24,treat,0.542
0.772,24,treat,0.544
0.773,24,treat,0.546
0.774,24,treat,0.548
0.775,24,treat,0.55
0.776,24,treat,0.552
0.777,24,treat,0.554
0.778,24,treat,0.556
0.779,24,treat,0.558
0.78,24,treat,0.56
0.781,24,treat,0.562
0.782,24,treat,0.5640000000000001
0.783,24,treat,0.5660000000000001
0.784,24,treat,0.5680000000000001
0.785,24,treat,0.5700000000000001
0.786,24,treat,0.5720000000000001
0.787,24,treat,0.5740000000000001
0.788,24,treat,0.5760000000000001
0.789,24,treat,0.5780000000000001
0.79,24,treat,0.5800000000000001
0.791,24,treat,0.5820000000000001
0.792,24,treat,0.5840000000000001
0.793,24,treat,0.5860000000000001
0.794,24,treat,0.5880000000000001
0.795,24,treat,0.5900000000000001
0.796,24,treat,0.5920000000000001
0.797,24,treat,0.5940000000000001
0.798,24,treat,0.5960000000000001
0.799,24,treat,0.5980000000000001
0.8,24,treat,0.6000000000000001
0.801,24,treat,0.6020000000000001
0.802,24,treat,0.6040000000000001
0.803,24,treat,0.6060000000000001
0.804,24,treat,0.6080000000000001
0.805,24,treat,0.6100000000000001
0.806,24,treat,0.6120000000000001
0.807,24,treat,0.6140000000000001
0.808,24,treat,0.6160000000000001
0.809,24,treat,0.6180000000000001
0.81,24,treat,0.6200000000000001
0.811,24,treat,0.6220000000000001
0.812,24,treat,0.6240000000000001
0.8130000000000001,24,treat,0.6260000000000001
0.8140000000000001,24,treat,0.6280000000000001
0.8150000000000001,24,treat,0.6300000000000001
0.8160000000000001,24,treat,0.6320000000000001
0.8170000000000001,24,treat,0.6340000000000001
0.8180000000000001,24,treat,0.6360000000000001
0.8190000000000001,24,treat,0.6380000000000001
0.8200000000000001,24,treat,0.6400000000000001
0.8210000000000001,24,treat,0.6420000000000001
0.8220000000000001,24,treat,0.6440000000000001
0.8230000000000001,24,treat,0.6460000000000001
0.8240000000000001,24,treat,0.6480000000000001
0.8250000000000001,24,treat,0.6500000000000001
0.8260000000000001,24,treat,0.6520000000000001
0.8270000000000001,24,treat,0.6540000000000001
0.8280000000000001,24,treat,0.6560000000000001
0.8290000000000001,24,treat,0.6580000000000001
0.8300000000000001,24,treat,0.6600000000000001
0.8310000000000001,24,treat,0.6620000000000001
0.8320000000000001,24,treat,0.6640000000000001
0.833,24,treat,0.6659999999999999
0.834,24,treat,0.6679999999999999
0.835,24,treat,0.6699999999999999
0.836,24,treat,0.6719999999999999
0.837,24,treat,0.6739999999999999
0.838,24,treat,0.6759999999999999
0.839,24,treat,0.6779999999999999
0.84,24,treat,0.6799999999999999
0.841,24,treat,0.6819999999999999
0.842,24,treat,0.6839999999999999
0.843,24,treat,0.6859999999999999
0.844,24,treat,0.688
0.845,24,treat,0.69
0.846,24,treat,0.692
0.847,24,treat,0.694
0.848,24,treat,0.696
0.849,24,treat,0.698
0.85,24,treat,0.7
0.851,24,treat,0.702
0.852,24,treat,0.704
0.853,24,treat,0.706
0.854,24,treat,0.708
0.855,24,treat,0.71
0.856,24,treat,0.712
0.857,24,treat,0.714
0.858,24,treat,0.716
0.859,24,treat,0.718
0.86,24,treat,0.72
0.861,24,treat,0.722
0.862,24,treat,0.724
0.863,24,treat,0.726
0.864,24,treat,0.728
0.865,24,treat,0.73
0.866,24,treat,0.732
0.867,24,treat,0.734
0.868,24,treat,0.736
0.869,24,treat,0.738
0.87,24,treat,0.74
0.871,24,treat,0.742
0.872,24,treat,0.744
0.873,24,treat,0.746
0.874,24,treat,0.748
0.875,24,treat,0.75
0.876,24,treat,0.752
0.877,24,treat,0.754
0.878,24,treat,0.756
0.879,24,treat,0.758
0.88,24,treat,0.76
0.881,24,treat,0.762
0.882,24,treat,0.764
0.883,24,treat,0.766
0.884,24,treat,0.768
0.885,24,treat,0.77
0.886,24,treat,0.772
0.887,24,treat,0.774
0.888,24,treat,0.776
0.889,24,treat,0.778
0.89,24,treat,0.78
0.891,24,treat,0.782
0.892,24,treat,0.784
0.893,24,treat,0.786
0.894,24,treat,0.788
0.895,24,treat,0.79
0.896,24,treat,0.792
0.897,24,treat,0.794
0.898,24,treat,0.796
0.899,24,treat,0.798
0.9,24,treat,0.8
0.901,24,treat,0.802
0.902,24,treat,0.804
0.903,24,treat,0.806
0.904,24,treat,0.808
0.905,24,treat,0.81
0.906,24,treat,0.812
0.907,24,treat,0.8140000000000001
0.908,24,treat,0.8160000000000001
0.909,24,treat,0.8180000000000001
0.91,24,treat,0.8200000000000001
0.911,24,treat,0.8220000000000001
0.912,24,treat,0.8240000000000001
0.913,24,treat,0.8260000000000001
0.914,24,treat,0.8280000000000001
0.915,24,treat,0.8300000000000001
0.916,24,treat,0.8320000000000001
0.917,24,treat,0.8340000000000001
0.918,24,treat,0.8360000000000001
0.919,24,treat,0.8380000000000001
0.92,24,treat,0.8400000000000001
0.921,24,treat,0.8420000000000001
0.922,24,treat,0.8440000000000001
0.923,24,treat,0.8460000000000001
0.924,24,treat,0.8480000000000001
0.925,24,treat,0.8500000000000001
0.926,24,treat,0.8520000000000001
0.927,24,treat,0.8540000000000001
0.928,24,treat,0.8560000000000001
0.929,24,treat,0.8580000000000001
0.93,24,treat,0.8600000000000001
0.931,24,treat,0.8620000000000001
0.932,24,treat,0.8640000000000001
0.933,24,treat,0.8660000000000001
0.934,24,treat,0.8680000000000001
0.935,24,treat,0.8700000000000001
0.936,24,treat,0.8720000000000001
0.937,24,treat,0.8740000000000001
0.9380000000000001,24,treat,0.8760000000000001
0.9390000000000001,24,treat,0.8780000000000001
0.9400000000000001,24,treat,0.8800000000000001
0.9410000000000001,24,treat,0.8820000000000001
0.9420000000000001,24,treat,0.8840000000000001
0.9430000000000001,24,treat,0.8860000000000001
0.9440000000000001,24,treat,0.8880000000000001
0.9450000000000001,24,treat,0.8900000000000001
0.9460000000000001,24,treat,0.8920000000000001
0.9470000000000001,24,treat,0.8940000000000001
0.9480000000000001,24,treat,0.8960000000000001
0.9490000000000001,24,treat,0.8980000000000001
0.9500000000000001,24,treat,0.9000000000000001
0.9510000000000001,24,treat,0.9020000000000001
0.9520000000000001,24,treat,0.9040000000000001
0.9530000000000001,24,treat,0.9060000000000001
0.9540000000000001,24,treat,0.9080000000000001
0.9550000000000001,24,treat,0.9100000000000001
0.9560000000000001,24,treat,0.9120000000000001
0.9570000000000001,24,treat,0.9140000000000001
0.9580000000000001,24,treat,0.9160000000000001
0.9590000000000001,24,treat,0.9180000000000001
0.96,24,treat,0.9199999999999999
0.961,24,treat,0.9219999999999999
0.962,24,treat,0.9239999999999999
0.963,24,treat,0.9259999999999999
0.964,24,treat,0.9279999999999999
0.965,24,treat,0.9299999999999999
0.966,24,treat,0.9319999999999999
0.967,24,treat,0.9339999999999999
0.968,24,treat,0.9359999999999999
0.969,24,treat,0.938
0.97,24,treat,0.94
0.971,24,treat,0.942
0.972,24,treat,0.944
0.973,24,treat,0.946
0.974,24,treat,0.948
0.975,24,treat,0.95
0.976,24,treat,0.952
0.977,24,treat,0.954
0.978,24,treat,0.956
0.979,24,treat,0.958
0.98,24,treat,0.96
0.981,24,treat,0.962
0.982,24,treat,0.964
0.983,24,treat,0.966
0.984,24,treat,0.968
0.985,24,treat,0.97
0.986,24,treat,0.972
0.987,24,treat,0.974
0.988,24,treat,0.976
0.989,24,treat,0.978
0.99,24,treat,0.98
0.991,24,treat,0.982
0.992,24,treat,0.984
0.993,24,treat,0.986
0.994,24,treat,0.988
0.995,24,treat,0.99
0.996,24,treat,0.992
0.997,24,treat,0.994
0.998,24,treat,0.996
0.999,24,treat,0.998
1.0,24,treat,1.0
0.0,1,monitor,-0.008485
0.001,1,monitor,-0.013481989865885158
0.002,1,monitor,-0.018478979731770314
0.003,1,monitor,-0.023475969597655477
0.004,1,monitor,-0.02847295946354064
0.005,1,monitor,-0.03346994932942579
0.006,1,monitor,-0.038466939195310954
0.007,1,monitor,-0.043463929061196116
0.008,1,monitor,-0.048460918927081265
0.009000000000000001,1,monitor,-0.053457908792966434
0.01,1,monitor,-0.05845489865885159
0.011,1,monitor,-0.06345188852473674
0.012,1,monitor,-0.0684488783906219
0.013000000000000001,1,monitor,-0.07344586825650706
0.014,1,monitor,-0.07844285812239223
0.015,1,monitor,-0.08343984798827736
0.016,1,monitor,-0.08843683785416254
0.017,1,monitor,-0.09343382772004769
0.018000000000000002,1,monitor,-0.09843081758593286
0.019,1,monitor,-0.10342780745181798
0.02,1,monitor,-0.10842479731770317
0.021,1,monitor,-0.11342178718358834
0.022,1,monitor,-0.11841877704947348
0.023,1,monitor,-0.12341576691535863
0.024,1,monitor,-0.1284127567812438
0.025,1,monitor,-0.13340974664712893
0.026000000000000002,1,monitor,-0.1384067365130141
0.027,1,monitor,-0.14340372637889925
0.028,1,monitor,-0.14840071624478443
0.029,1,monitor,-0.1533977061106696
0.03,1,monitor,-0.15839469597655476
0.031,1,monitor,-0.1633916858424399
0.032,1,monitor,-0.16838867570832505
0.033,1,monitor,-0.1733856655742102
0.034,1,monitor,-0.1783826554400954
0.035,1,monitor,-0.18337964530598053
0.036000000000000004,1,monitor,-0.1883766351718657
0.037,1,monitor,-0.1933736250377508
0.038,1,monitor,-0.19837061490363603
0.039,1,monitor,-0.20336760476952115
0.04,1,monitor,-0.2083645946354063
0.041,1,monitor,-0.21336158450129153
0.042,1,monitor,-0.21835857436717665
0.043000000000000003,1,monitor,-0.22335556423306183
0.044,1,monitor,-0.22835255409894692
0.045,1,monitor,-0.23334954396483212
0.046,1,monitor,-0.2383465338307173
0.047,1,monitor,-0.2433435236966024
0.048,1,monitor,-0.2483405135624876
0.049,1,monitor,-0.25333750342837275
0.05,1,monitor,-0.2583344932942579
0.051000000000000004,1,monitor,-0.26333148316014304
0.052000000000000005,1,monitor,-0.26832847302602825
0.053,1,monitor,-0.2733254628919134
0.054,1,monitor,-0.27832245275779854
0.055,1,monitor,-0.2833194426236837
0.056,1,monitor,-0.28831643248956884
0.057,1,monitor,-0.2933134223554541
0.058,1,monitor,-0.2983104122213392
0.059000000000000004,1,monitor,-0.3033074020872244
0.06,1,monitor,-0.30830439195310955
0.061,1,monitor,-0.3133013818189947
0.062,1,monitor,-0.31829837168487984
0.063,1,monitor,-0.323295361550765
0.064,1,monitor,-0.32829235141665014
0.065,1,monitor,-0.3332893412825353
0.066,1,monitor,-0.33828633114842044
0.067,1,monitor,-0.3432833210143056
0.068,1,monitor,-0.34828031088019074
0.069,1,monitor,-0.353277300746076
0.07,1,monitor,-0.3582742906119611
0.07100000000000001,1,monitor,-0.3632712804778463
0.07200000000000001,1,monitor,-0.3682682703437315
0.073,1,monitor,-0.37326526020961653
0.074,1,monitor,-0.3782622500755017
0.075,1,monitor,-0.38325923994138683
0.076,1,monitor,-0.38825622980727204
0.077,1,monitor,-0.3932532196731572
0.078,1,monitor,-0.3982502095390423
0.079,1,monitor,-0.4032471994049276
0.08,1,monitor,-0.4082441892708127
0.081,1,monitor,-0.4132411791366978
0.082,1,monitor,-0.4182381690025829
0.083,1,monitor,-0.42323515886846824
0.084,1,monitor,-0.42823214873435334
0.085,1,monitor,-0.43322913860023854
0.08600000000000001,1,monitor,-0.4382261284661236
0.08700000000000001,1,monitor,-0.4432231183320088
0.088,1,monitor,-0.4482201081978938
0.089,1,monitor,-0.453217098063779
0.09,1,monitor,-0.4582140879296643
0.091,1,monitor,-0.4632110777955494
0.092,1,monitor,-0.4682080676614346
0.093,1,monitor,-0.4732050575273197
0.094,1,monitor,-0.47820204739320493
0.095,1,monitor,-0.48319903725908997
0.096,1,monitor,-0.4881960271249751
0.097,1,monitor,-0.49319301699086027
0.098,1,monitor,-0.4981900068567454
0.099,1,monitor,-0.5031869967226307
0.1,1,monitor,-0.5081839865885158
0.101,1,monitor,-0.5131809764544009
0.10200000000000001,1,monitor,-0.5181779663202862
0.10300000000000001,1,monitor,-0.5231749561861714
0.10400000000000001,1,monitor,-0.5281719460520564
0.105,1,monitor,-0.5331689359179416
0.106,1,monitor,-0.5381659257838267
0.107,1,monitor,-0.543162915649712
0.108,1,monitor,-0.548159905515597
0.109,1,monitor,-0.5531568953814822
0.11,1,monitor,-0.5581538852473674
0.111,1,monitor,-0.5631508751132526
0.112,1,monitor,-0.5681478649791376
0.113,1,monitor,-0.5731448548450229
0.114,1,monitor,-0.578141844710908
0.115,1,monitor,-0.5831388345767933
0.116,1,monitor,-0.5881358244426784
0.117,1,monitor,-0.5931328143085636
0.11800000000000001,1,monitor,-0.5981298041744487
0.11900000000000001,1,monitor,-0.6031267940403339
0.12,1,monitor,-0.608123783906219
0.121,1,monitor,-0.6131207737721042
0.122,1,monitor,-0.6181177636379893
0.123,1,monitor,-0.6231147535038745
0.124,1,monitor,-0.6281117433697596
0.125,1,monitor,-0.6331087332356448
0.126,1,monitor,-0.63810572310153
0.127,1,monitor,-0.6431027129674152
0.128,1,monitor,-0.6480997028333003
0.129,1,monitor,-0.6530966926991855
0.13,1,monitor,-0.6580936825650705
0.131,1,monitor,-0.6630906724309558
0.132,1,monitor,-0.6680876622968409
0.133,1,monitor,-0.6730846521627261
0.134,1,monitor,-0.6780816420286111
0.135,1,monitor,-0.6830786318944964
0.136,1,monitor,-0.6880756217603814
0.137,1,monitor,-0.6930726116262668
0.138,1,monitor,-0.6980696014921519
0.139,1,monitor,-0.7030665913580372
0.14,1,monitor,-0.7080635812239221
0.14100000000000001,1,monitor,-0.7130605710898074
0.14200000000000002,1,treat,-0.716
0.14300000000000002,1,treat,-0.714
0.14400000000000002,1,treat,-0.712
0.145,1,treat,-0.71
0.146,1,treat,-0.708
0.147,1,treat,-0.706
0.148,1,treat,-0.704
0.149,1,treat,-0.702
0.15,1,treat,-0.7
0.151,1,treat,-0.698
0.152,1,treat,-0.696
0.153,1,treat,-0.694
0.154,1,treat,-0.692
0.155,1,treat,-0.69
0.156,1,treat,-0.688
0.157,1,treat,-0.6859999999999999
0.158,1,treat,-0.6839999999999999
0.159,1,treat,-0.6819999999999999
0.16,1,treat,-0.6799999999999999
0.161,1,treat,-0.6779999999999999
0.162,1,treat,-0.6759999999999999
0.163,1,treat,-0.6739999999999999
0.164,1,treat,-0.6719999999999999
0.165,1,treat,-0.6699999999999999
0.166,1,treat,-0.6679999999999999
0.167,1,treat,-0.6659999999999999
0.168,1,treat,-0.6639999999999999
0.169,1,treat,-0.6619999999999999
0.17,1,treat,-0.6599999999999999
0.171,1,treat,-0.6579999999999999
0.17200000000000001,1,treat,-0.6559999999999999
0.17300000000000001,1,treat,-0.6539999999999999
0.17400000000000002,1,treat,-0.6519999999999999
0.17500000000000002,1,treat,-0.6499999999999999
0.176,1,treat,-0.6480000000000001
0.177,1,treat,-0.6459999999999999
0.178,1,treat,-0.6440000000000001
0.179,1,treat,-0.6419999999999999
0.18,1,treat,-0.6400000000000001
0.181,1,treat,-0.6379999999999999
0.182,1,treat,-0.6360000000000001
0.183,1,treat,-0.6339999999999999
0.184,1,treat,-0.6320000000000001
0.185,1,treat,-0.6299999999999999
0.186,1,treat,-0.6280000000000001
0.187,1,treat,-0.6259999999999999
0.188,1,treat,-0.6240000000000001
0.189,1,treat,-0.6219999999999999
0.19,1,treat,-0.6200000000000001
0.191,1,treat,-0.6179999999999999
0.192,1,treat,-0.6160000000000001
0.193,1,treat,-0.6139999999999999
0.194,1,treat,-0.6120000000000001
0.195,1,treat,-0.6099999999999999
0.196,1,treat,-0.6080000000000001
0.197,1,treat,-0.6059999999999999
0.198,1,treat,-0.6040000000000001
0.199,1,treat,-0.6019999999999999
0.2,1,treat,-0.6000000000000001
0.201,1,treat,-0.5979999999999999
0.202,1,treat,-0.5960000000000001
0.203,1,treat,-0.5939999999999999
0.20400000000000001,1,treat,-0.5920000000000001
0.20500000000000002,1,treat,-0.5899999999999999
0.20600000000000002,1,treat,-0.5880000000000001
0.20700000000000002,1,treat,-0.5859999999999999
0.20800000000000002,1,treat,-0.5840000000000001
0.209,1,treat,-0.5820000000000001
0.21,1,treat,-0.5800000000000001
0.211,1,treat,-0.5780000000000001
0.212,1,treat,-0.5760000000000001
0.213,1,treat,-0.5740000000000001
0.214,1,treat,-0.5720000000000001
0.215,1,treat,-0.5700000000000001
0.216,1,treat,-0.5680000000000001
0.217,1,treat,-0.5660000000000001
0.218,1,treat,-0.5640000000000001
0.219,1,treat,-0.562
0.22,1,treat,-0.56
0.221,1,treat,-0.558
0.222,1,treat,-0.556
0.223,1,treat,-0.554
0.224,1,treat,-0.552
0.225,1,treat,-0.55
0.226,1,treat,-0.548
0.227,1,treat,-0.546
0.228,1,treat,-0.544
0.229,1,treat,-0.542
0.23,1,treat,-0.54
0.231,1,treat,-0.538
0.232,1,treat,-0.536
0.233,1,treat,-0.534
0.234,1,treat,-0.532
0.23500000000000001,1,treat,-0.53
0.23600000000000002,1,treat,-0.528
0.23700000000000002,1,treat,-0.526
0.23800000000000002,1,treat,-0.524
0.23900000000000002,1,treat,-0.522
0.24,1,treat,-0.52
0.241,1,treat,-0.518
0.242,1,treat,-0.516
0.243,1,treat,-0.514
0.244,1,treat,-0.512
0.245,1,treat,-0.51
0.246,1,treat,-0.508
0.247,1,treat,-0.506
0.248,1,treat,-0.504
0.249,1,treat,-0.502
0.25,1,treat,-0.5
0.251,1,treat,-0.498
0.252,1,treat,-0.496
0.253,1,treat,-0.494
0.254,1,treat,-0.492
0.255,1,treat,-0.49
0.256,1,treat,-0.488
0.257,1,treat,-0.486
0.258,1,treat,-0.484
0.259,1,treat,-0.482
0.26,1,treat,-0.48
0.261,1,treat,-0.478
0.262,1,treat,-0.476
0.263,1,treat,-0.474
0.264,1,treat,-0.472
0.265,1,treat,-0.47
0.266,1,treat,-0.46799999999999997
0.267,1,treat,-0.46599999999999997
0.268,1,treat,-0.46399999999999997
0.269,1,treat,-0.46199999999999997
0.27,1,treat,-0.45999999999999996
0.271,1,treat,-0.45799999999999996
0.272,1,treat,-0.45599999999999996
0.273,1,treat,-0.45399999999999996
0.274,1,treat,-0.45199999999999996
0.275,1,treat,-0.44999999999999996
0.276,1,treat,-0.44799999999999995
0.277,1,treat,-0.44599999999999995
0.278,1,treat,-0.44399999999999995
0.279,1,treat,-0.44199999999999995
0.28,1,treat,-0.43999999999999995
0.281,1,treat,-0.43799999999999994
0.28200000000000003,1,treat,-0.43599999999999994
0.28300000000000003,1,treat,-0.43399999999999994
0.28400000000000003,1,treat,-0.43199999999999994
0.28500000000000003,1,treat,-0.42999999999999994
0.28600000000000003,1,treat,-0.42799999999999994
0.28700000000000003,1,treat,-0.42599999999999993
0.28800000000000003,1,treat,-0.42399999999999993
0.289,1,treat,-0.4220000000000001
0.29,1,treat,-0.42
0.291,1,treat,-0.4180000000000001
0.292,1,treat,-0.416
0.293,1,treat,-0.4140000000000001
0.294,1,treat,-0.412
0.295,1,treat,-0.4100000000000001
0.296,1,treat,-0.408
0.297,1,treat,-0.4060000000000001
0.298,1,treat,-0.40399999999999997
0.299,1,treat,-0.4020000000000001
0.3,1,treat,-0.39999999999999997
0.301,1,treat,-0.3980000000000001
0.302,1,treat,-0.39599999999999996
0.303,1,treat,-0.3940000000000001
0.304,1,treat,-0.39199999999999996
0.305,1,treat,-0.39000000000000007
0.306,1,treat,-0.38799999999999996
0.307,1,treat,-0.38600000000000007
0.308,1,treat,-0.38399999999999995
0.309,1,treat,-0.38200000000000006
0.31,1,treat,-0.37999999999999995
0.311,1,treat,-0.37800000000000006
0.312,1,treat,-0.37599999999999995
0.313,1,treat,-0.37400000000000005
0.314,1,treat,-0.37199999999999994
0.315,1,treat,-0.37000000000000005
0.316,1,treat,-0.36799999999999994
0.317,1,treat,-0.36600000000000005
0.318,1,treat,-0.36399999999999993
0.319,1,treat,-0.36200000000000004
0.32,1,treat,-0.35999999999999993
0.321,1,treat,-0.35800000000000004
0.322,1,treat,-0.3559999999999999
0.323,1,treat,-0.35400000000000004
0.324,1,treat,-0.3519999999999999
0.325,1,treat,-0.35000000000000003
0.326,1,treat,-0.3479999999999999
0.327,1,treat,-0.34600000000000003
0.328,1,treat,-0.3439999999999999
0.329,1,treat,-0.342
0.33,1,treat,-0.3399999999999999
0.331,1,treat,-0.338
0.332,1,treat,-0.3359999999999999
0.333,1,treat,-0.334
0.334,1,treat,-0.3319999999999999
0.335,1,treat,-0.33
0.336,1,treat,-0.3279999999999999
0.337,1,treat,-0.326
0.338,1,treat,-0.3239999999999999
0.339,1,treat,-0.322
0.34,1,treat,-0.3199999999999999
0.341,1,treat,-0.318
0.342,1,treat,-0.3159999999999999
0.343,1,treat,-0.314
0.34400000000000003,1,treat,-0.3119999999999999
0.34500000000000003,1,treat,-0.31
0.34600000000000003,1,treat,-0.3079999999999999
0.34700000000000003,1,treat,-0.306
0.34800000000000003,1,treat,-0.3039999999999999
0.34900000000000003,1,treat,-0.302
0.35000000000000003,1,treat,-0.2999999999999999
0.35100000000000003,1,treat,-0.298
0.352,1,treat,-0.29600000000000004
0.353,1,treat,-0.29400000000000004
0.354,1,treat,-0.29200000000000004
0.355,1,treat,-0.29000000000000004
0.356,1,treat,-0.28800000000000003
0.357,1,treat,-0.28600000000000003
0.358,1,treat,-0.28400000000000003
0.359,1,treat,-0.28200000000000003
0.36,1,treat,-0.28
0.361,1,treat,-0.278
0.362,1,treat,-0.276
0.363,1,treat,-0.274
0.364,1,treat,-0.272
0.365,1,treat,-0.27
0.366,1,treat,-0.268
0.367,1,treat,-0.266
0.368,1,treat,-0.264
0.369,1,treat,-0.262
0.37,1,treat,-0.26
0.371,1,treat,-0.258
0.372,1,treat,-0.256
0.373,1,treat,-0.254
0.374,1,treat,-0.252
0.375,1,treat,-0.25
0.376,1,treat,-0.248
0.377,1,treat,-0.246
0.378,1,treat,-0.244
0.379,1,treat,-0.242
0.38,1,treat,-0.24
0.381,1,treat,-0.238
0.382,1,treat,-0.236
0.383,1,treat,-0.23399999999999999
0.384,1,treat,-0.23199999999999998
0.385,1,treat,-0.22999999999999998
0.386,1,treat,-0.22799999999999998
0.387,1,treat,-0.22599999999999998
0.388,1,treat,-0.22399999999999998
0.389,1,treat,-0.22199999999999998
0.39,1,treat,-0.21999999999999997
0.391,1,treat,-0.21799999999999997
0.392,1,treat,-0.21599999999999997
0.393,1,treat,-0.21399999999999997
0.394,1,treat,-0.21199999999999997
0.395,1,treat,-0.20999999999999996
0.396,1,treat,-0.20799999999999996
0.397,1,treat,-0.20599999999999996
0.398,1,treat,-0.20399999999999996
0.399,1,treat,-0.20199999999999996
0.4,1,treat,-0.19999999999999996
0.401,1,treat,-0.19799999999999995
0.402,1,treat,-0.19599999999999995
0.403,1,treat,-0.19399999999999995
0.404,1,treat,-0.19199999999999995
0.405,1,treat,-0.18999999999999995
0.406,1,treat,-0.18799999999999994
0.40700000000000003,1,treat,-0.18599999999999994
0.40800000000000003,1,treat,-0.18399999999999994
0.40900000000000003,1,treat,-0.18199999999999994
0.41000000000000003,1,treat,-0.17999999999999994
0.41100000000000003,1,treat,-0.17799999999999994
0.41200000000000003,1,treat,-0.17599999999999993
0.41300000000000003,1,treat,-0.17399999999999993
0.41400000000000003,1,treat,-0.17199999999999993
0.41500000000000004,1,treat,-0.16999999999999993
0.41600000000000004,1,treat,-0.16799999999999993
0.417,1,treat,-0.16599999999999998
0.418,1,treat,-0.1640000000000001
0.419,1,treat,-0.16199999999999998
0.42,1,treat,-0.1600000000000001
0.421,1,treat,-0.15799999999999997
0.422,1,treat,-0.15600000000000008
0.423,1,treat,-0.15399999999999997
0.424,1,treat,-0.15200000000000008
0.425,1,treat,-0.14999999999999997
0.426,1,treat,-0.14800000000000008
0.427,1,treat,-0.14599999999999996
0.428,1,treat,-0.14400000000000007
0.429,1,treat,-0.14199999999999996
0.43,1,treat,-0.14000000000000007
0.431,1,treat,-0.13799999999999996
0.432,1,treat,-0.13600000000000007
0.433,1,treat,-0.13399999999999995
0.434,1,treat,-0.13200000000000006
0.435,1,treat,-0.12999999999999995
0.436,1,treat,-0.12800000000000006
0.437,1,treat,-0.12599999999999995
0.438,1,treat,-0.12400000000000005
0.439,1,treat,-0.12199999999999994
0.44,1,treat,-0.12000000000000005
0.441,1,treat,-0.11799999999999994
0.442,1,treat,-0.11600000000000005
0.443,1,treat,-0.11399999999999993
0.444,1,treat,-0.11200000000000004
0.445,1,treat,-0.10999999999999993
0.446,1,treat,-0.10800000000000004
0.447,1,treat,-0.10599999999999993
0.448,1,treat,-0.10400000000000004
0.449,1,treat,-0.10199999999999992
0.45,1,treat,-0.10000000000000003
0.451,1,treat,-0.09799999999999992
0.452,1,treat,-0.09600000000000003
0.453,1,treat,-0.09399999999999992
0.454,1,treat,-0.09200000000000003
0.455,1,treat,-0.08999999999999991
0.456,1,treat,-0.08800000000000002
0.457,1,treat,-0.08599999999999991
0.458,1,treat,-0.08400000000000002
0.459,1,treat,-0.0819999999999999
0.46,1,treat,-0.08000000000000002
0.461,1,treat,-0.0779999999999999
0.462,1,treat,-0.07600000000000001
0.463,1,treat,-0.0739999999999999
0.464,1,treat,-0.07200000000000001
0.465,1,treat,-0.0699999999999999
0.466,1,treat,-0.068
0.467,1,treat,-0.06599999999999989
0.468,1,treat,-0.064
0.46900000000000003,1,treat,-0.06199999999999989
0.47000000000000003,1,treat,-0.06
0.47100000000000003,1,treat,-0.057999999999999885
0.47200000000000003,1,treat,-0.055999999999999994
0.47300000000000003,1,treat,-0.05399999999999988
0.47400000000000003,1,treat,-0.05199999999999999
0.47500000000000003,1,treat,-0.04999999999999988
0.47600000000000003,1,treat,-0.04799999999999999
0.47700000000000004,1,treat,-0.045999999999999874
0.47800000000000004,1,treat,-0.043999999999999984
0.47900000000000004,1,treat,-0.04199999999999987
0.48,1,treat,-0.040000000000000036
0.481,1,treat,-0.038000000000000034
0.482,1,treat,-0.03600000000000003
0.483,1,treat,-0.03400000000000003
0.484,1,treat,-0.03200000000000003
0.485,1,treat,-0.030000000000000027
0.486,1,treat,-0.028000000000000025
0.487,1,treat,-0.026000000000000023
0.488,1,treat,-0.02400000000000002
0.489,1,treat,-0.02200000000000002
0.49,1,treat,-0.020000000000000018
0.491,1,treat,-0.018000000000000016
0.492,1,treat,-0.016000000000000014
0.493,1,treat,-0.014000000000000012
0.494,1,treat,-0.01200000000000001
0.495,1,treat,-0.010000000000000009
0.496,1,treat,-0.008000000000000007
0.497,1,treat,-0.006000000000000005
0.498,1,treat,-0.0040000000000000036
0.499,1,treat,-0.0020000000000000018
0.5,1,treat,0.0
0.501,1,treat,0.0020000000000000018
0.502,1,treat,0.0040000000000000036
0.503,1,treat,0.006000000000000005
0.504,1,treat,0.008000000000000007
0.505,1,treat,0.010000000000000009
0.506,1,treat,0.01200000000000001
0.507,1,treat,0.014000000000000012
0.508,1,treat,0.016000000000000014
0.509,1,treat,0.018000000000000016
0.51,1,treat,0.020000000000000018
0.511,1,treat,0.02200000000000002
0.512,1,treat,0.02400000000000002
0.513,1,treat,0.026000000000000023
0.514,1,treat,0.028000000000000025
0.515,1,treat,0.030000000000000027
0.516,1,treat,0.03200000000000003
0.517,1,treat,0.03400000000000003
0.518,1,treat,0.03600000000000003
0.519,1,treat,0.038000000000000034
0.52,1,treat,0.040000000000000036
0.521,1,treat,0.04200000000000004
0.522,1,treat,0.04400000000000004
0.523,1,treat,0.04600000000000004
0.524,1,treat,0.04800000000000004
0.525,1,treat,0.050000000000000044
0.526,1,treat,0.052000000000000046
0.527,1,treat,0.05400000000000005
0.528,1,treat,0.05600000000000005
0.529,1,treat,0.05800000000000005
0.53,1,treat,0.06000000000000005
0.531,1,treat,0.062000000000000055
0.532,1,treat,0.06400000000000006
0.533,1,treat,0.06600000000000006
0.534,1,treat,0.06800000000000006
0.535,1,treat,0.07000000000000006
0.536,1,treat,0.07200000000000006
0.537,1,treat,0.07400000000000007
0.538,1,treat,0.07600000000000007
0.539,1,treat,0.07800000000000007
0.54,1,treat,0.08000000000000007
0.541,1,treat,0.08200000000000007
0.542,1,treat,0.08400000000000007
0.543,1,treat,0.08600000000000008
0.544,1,treat,0.08800000000000008
0.545,1,treat,0.09000000000000008
0.546,1,treat,0.09200000000000008
0.547,1,treat,0.09400000000000008
0.548,1,treat,0.09600000000000009
0.549,1,treat,0.09800000000000009
0.55,1,treat,0.10000000000000009
0.551,1,treat,0.10200000000000009
0.552,1,treat,0.10400000000000009
0.553,1,treat,0.1060000000000001
0.554,1,treat,0.1080000000000001
0.555,1,treat,0.1100000000000001
0.556,1,treat,0.1120000000000001
0.557,1,treat,0.1140000000000001
0.558,1,treat,0.1160000000000001
0.559,1,treat,0.1180000000000001
0.56,1,treat,0.1200000000000001
0.561,1,treat,0.12200000000000011
0.562,1,treat,0.12400000000000011
0.5630000000000001,1,treat,0.1260000000000001
0.5640000000000001,1,treat,0.1280000000000001
0.5650000000000001,1,treat,0.13000000000000012
0.5660000000000001,1,treat,0.13200000000000012
0.5670000000000001,1,treat,0.13400000000000012
0.5680000000000001,1,treat,0.13600000000000012
0.5690000000000001,1,treat,0.13800000000000012
0.5700000000000001,1,treat,0.14000000000000012
0.5710000000000001,1,treat,0.14200000000000013
0.5720000000000001,1,treat,0.14400000000000013
0.5730000000000001,1,treat,0.14600000000000013
0.5740000000000001,1,treat,0.14800000000000013
0.5750000000000001,1,treat,0.15000000000000013
0.5760000000000001,1,treat,0.15200000000000014
0.577,1,treat,0.15399999999999991
0.578,1,treat,0.15599999999999992
0.579,1,treat,0.15799999999999992
0.58,1,treat,0.15999999999999992
0.581,1,treat,0.16199999999999992
0.582,1,treat,0.16399999999999992
0.583,1,treat,0.16599999999999993
0.584,1,treat,0.16799999999999993
0.585,1,treat,0.16999999999999993
0.586,1,treat,0.17199999999999993
0.587,1,treat,0.17399999999999993
0.588,1,treat,0.17599999999999993
0.589,1,treat,0.17799999999999994
0.59,1,treat,0.17999999999999994
0.591,1,treat,0.18199999999999994
0.592,1,treat,0.18399999999999994
0.593,1,treat,0.18599999999999994
0.594,1,treat,0.18799999999999994
0.595,1,treat,0.18999999999999995
0.596,1,treat,0.19199999999999995
0.597,1,treat,0.19399999999999995
0.598,1,treat,0.19599999999999995
0.599,1,treat,0.19799999999999995
0.6,1,treat,0.19999999999999996
0.601,1,treat,0.20199999999999996
0.602,1,treat,0.20399999999999996
0.603,1,treat,0.20599999999999996
0.604,1,treat,0.20799999999999996
0.605,1,treat,0.20999999999999996
0.606,1,treat,0.21199999999999997
0.607,1,treat,0.21399999999999997
0.608,1,treat,0.21599999999999997
0.609,1,treat,0.21799999999999997
0.61,1,treat,0.21999999999999997
0.611,1,treat,0.22199999999999998
0.612,1,treat,0.22399999999999998
0.613,1,treat,0.22599999999999998
0.614,1,treat,0.22799999999999998
0.615,1,treat,0.22999999999999998
0.616,1,treat,0.23199999999999998
0.617,1,treat,0.23399999999999999
0.618,1,treat,0.236
0.619,1,treat,0.238
0.62,1,treat,0.24
0.621,1,treat,0.242
0.622,1,treat,0.244
0.623,1,treat,0.246
0.624,1,treat,0.248
0.625,1,treat,0.25
0.626,1,treat,0.252
0.627,1,treat,0.254
0.628,1,treat,0.256
0.629,1,treat,0.258
0.63,1,treat,0.26
0.631,1,treat,0.262
0.632,1,treat,0.264
0.633,1,treat,0.266
0.634,1,treat,0.268
0.635,1,treat,0.27
0.636,1,treat,0.272
0.637,1,treat,0.274
0.638,1,treat,0.276
0.639,1,treat,0.278
0.64,1,treat,0.28
0.641,1,treat,0.28200000000000003
0.642,1,treat,0.28400000000000003
0.643,1,treat,0.28600000000000003
0.644,1,treat,0.28800000000000003
0.645,1,treat,0.29000000000000004
0.646,1,treat,0.29200000000000004
0.647,1,treat,0.29400000000000004
0.648,1,treat,0.29600000000000004
0.649,1,treat,0.29800000000000004
0.65,1,treat,0.30000000000000004
0.651,1,treat,0.30200000000000005
0.652,1,treat,0.30400000000000005
0.653,1,treat,0.30600000000000005
0.654,1,treat,0.30800000000000005
0.655,1,treat,0.31000000000000005
0.656,1,treat,0.31200000000000006
0.657,1,treat,0.31400000000000006
0.658,1,treat,0.31600000000000006
0.659,1,treat,0.31800000000000006
0.66,1,treat,0.32000000000000006
0.661,1,treat,0.32200000000000006
0.662,1,treat,0.32400000000000007
0.663,1,treat,0.32600000000000007
0.664,1,treat,0.32800000000000007
0.665,1,treat,0.33000000000000007
0.666,1,treat,0.3320000000000001
0.667,1,treat,0.3340000000000001
0.668,1,treat,0.3360000000000001
0.669,1,treat,0.3380000000000001
0.67,1,treat,0.3400000000000001
0.671,1,treat,0.3420000000000001
0.672,1,treat,0.3440000000000001
0.673,1,treat,0.3460000000000001
0.674,1,treat,0.3480000000000001
0.675,1,treat,0.3500000000000001
0.676,1,treat,0.3520000000000001
0.677,1,treat,0.3540000000000001
0.678,1,treat,0.3560000000000001
0.679,1,treat,0.3580000000000001
0.68,1,treat,0.3600000000000001
0.681,1,treat,0.3620000000000001
0.682,1,treat,0.3640000000000001
0.683,1,treat,0.3660000000000001
0.684,1,treat,0.3680000000000001
0.685,1,treat,0.3700000000000001
0.686,1,treat,0.3720000000000001
0.687,1,treat,0.3740000000000001
0.6880000000000001,1,treat,0.3760000000000001
0.6890000000000001,1,treat,0.3780000000000001
0.6900000000000001,1,treat,0.3800000000000001
0.6910000000000001,1,treat,0.3820000000000001
0.6920000000000001,1,treat,0.3840000000000001
0.6930000000000001,1,treat,0.3860000000000001
0.6940000000000001,1,treat,0.3880000000000001
0.6950000000000001,1,treat,0.3900000000000001
0.6960000000000001,1,treat,0.3920000000000001
0.6970000000000001,1,treat,0.39400000000000013
0.6980000000000001,1,treat,0.39600000000000013
0.6990000000000001,1,treat,0.39800000000000013
0.7000000000000001,1,treat,0.40000000000000013
0.7010000000000001,1,treat,0.40200000000000014
0.7020000000000001,1,treat,0.40400000000000014
0.7030000000000001,1,treat,0.40600000000000014
0.704,1,treat,0.4079999999999999
0.705,1,treat,0.4099999999999999
0.706,1,treat,0.4119999999999999
0.707,1,treat,0.4139999999999999
0.708,1,treat,0.4159999999999999
0.709,1,treat,0.4179999999999999
0.71,1,treat,0.41999999999999993
0.711,1,treat,0.42199999999999993
0.712,1,treat,0.42399999999999993
0.713,1,treat,0.42599999999999993
0.714,1,treat,0.42799999999999994
0.715,1,treat,0.42999999999999994
0.716,1,treat,0.43199999999999994
0.717,1,treat,0.43399999999999994
0.718,1,treat,0.43599999999999994
0.719,1,treat,0.43799999999999994
0.72,1,treat,0.43999999999999995
0.721,1,treat,0.44199999999999995
0.722,1,treat,0.44399999999999995
0.723,1,treat,0.44599999999999995
0.724,1,treat,0.44799999999999995
0.725,1,treat,0.44999999999999996
0.726,1,treat,0.45199999999999996
0.727,1,treat,0.45399999999999996
0.728,1,treat,0.45599999999999996
0.729,1,treat,0.45799999999999996
0.73,1,treat,0.45999999999999996
0.731,1,treat,0.46199999999999997
0.732,1,treat,0.46399999999999997
0.733,1,treat,0.46599999999999997
0.734,1,treat,0.46799999999999997
0.735,1,treat,0.47
0.736,1,treat,0.472
0.737,1,treat,0.474
0.738,1,treat,0.476
0.739,1,treat,0.478
0.74,1,treat,0.48
0.741,1,treat,0.482
0.742,1,treat,0.484
0.743,1,treat,0.486
0.744,1,treat,0.488
0.745,1,treat,0.49
0.746,1,treat,0.492
0.747,1,treat,0.494
0.748,1,treat,0.496
0.749,1,treat,0.498
0.75,1,treat,0.5
0.751,1,treat,0.502
0.752,1,treat,0.504
0.753,1,treat,0.506
0.754,1,treat,0.508
0.755,1,treat,0.51
0.756,1,treat,0.512
0.757,1,treat,0.514
0.758,1,treat,0.516
0.759,1,treat,0.518
0.76,1,treat,0.52
0.761,1,treat,0.522
0.762,1,treat,0.524
0.763,1,treat,0.526
0.764,1,treat,0.528
0.765,1,treat,0.53
0.766,1,treat,0.532
0.767,1,treat,0.534
0.768,1,treat,0.536
0.769,1,treat,0.538
0.77,1,treat,0.54
0.771,1,treat,0.542
0.772,1,treat,0.544
0.773,1,treat,0.546
0.774,1,treat,0.548
0.775,1,treat,0.55
0.776,1,treat,0.552
0.777,1,treat,0.554
0.778,1,treat,0.556
0.779,1,treat,0.558
0.78,1,treat,0.56
0.781,1,treat,0.562
0.782,1,treat,0.5640000000000001
0.783,1,treat,0.5660000000000001
0.784,1,treat,0.5680000000000001
0.785,1,treat,0.5700000000000001
0.786,1,treat,0.5720000000000001
0.787,1,treat,0.5740000000000001
0.788,1,treat,0.5760000000000001
0.789,1,treat,0.5780000000000001
0.79,1,treat,0.5800000000000001
0.791,1,treat,0.5820000000000001
0.792,1,treat,0.5840000000000001
0.793,1,treat,0.5860000000000001
0.794,1,treat,0.5880000000000001
0.795,1,treat,0.5900000000000001
0.796,1,treat,0.5920000000000001
0.797,1,treat,0.5940000000000001
0.798,1,treat,0.5960000000000001
0.799,1,treat,0.5980000000000001
0.8,1,treat,0.6000000000000001
0.801,1,treat,0.6020000000000001
0.802,1,treat,0.6040000000000001
0.803,1,treat,0.6060000000000001
0.804,1,treat,0.6080000000000001
0.805,1,treat,0.6100000000000001
0.806,1,treat,0.6120000000000001
0.807,1,treat,0.6140000000000001
0.808,1,treat,0.6160000000000001
0.809,1,treat,0.6180000000000001
0.81,1,treat,0.6200000000000001
0.811,1,treat,0.6220000000000001
0.812,1,treat,0.6240000000000001
0.8130000000000001,1,treat,0.6260000000000001
0.8140000000000001,1,treat,0.6280000000000001
0.8150000000000001,1,treat,0.6300000000000001
0.8160000000000001,1,treat,0.6320000000000001
0.8170000000000001,1,treat,0.6340000000000001
0.8180000000000001,1,treat,0.6360000000000001
0.8190000000000001,1,treat,0.6380000000000001
0.8200000000000001,1,treat,0.6400000000000001
0.8210000000000001,1,treat,0.6420000000000001
0.8220000000000001,1,treat,0.6440000000000001
0.8230000000000001,1,treat,0.6460000000000001
0.8240000000000001,1,treat,0.6480000000000001
0.8250000000000001,1,treat,0.6500000000000001
0.8260000000000001,1,treat,0.6520000000000001
0.8270000000000001,1,treat,0.6540000000000001
0.8280000000000001,1,treat,0.6560000000000001
0.8290000000000001,1,treat,0.6580000000000001
0.8300000000000001,1,treat,0.6600000000000001
0.8310000000000001,1,treat,0.6620000000000001
0.8320000000000001,1,treat,0.6640000000000001
0.833,1,treat,0.6659999999999999
0.834,1,treat,0.6679999999999999
0.835,1,treat,0.6699999999999999
0.836,1,treat,0.6719999999999999
0.837,1,treat,0.6739999999999999
0.838,1,treat,0.6759999999999999
0.839,1,treat,0.6779999999999999
0.84,1,treat,0.6799999999999999
0.841,1,treat,0.6819999999999999
0.842,1,treat,0.6839999999999999
0.843,1,treat,0.6859999999999999
0.844,1,treat,0.688
0.845,1,treat,0.69
0.846,1,treat,0.692
0.847,1,treat,0.694
0.848,1,treat,0.696
0.849,1,treat,0.698
0.85,1,treat,0.7
0.851,1,treat,0.702
0.852,1,treat,0.704
0.853,1,treat,0.706
0.854,1,treat,0.708
0.855,1,treat,0.71
0.856,1,treat,0.712
0.857,1,treat,0.714
0.858,1,treat,0.716
0.859,1,treat,0.718
0.86,1,treat,0.72
0.861,1,treat,0.722
0.862,1,treat,0.724
0.863,1,treat,0.726
0.864,1,treat,0.728
0.865,1,treat,0.73
0.866,1,treat,0.732
0.867,1,treat,0.734
0.868,1,treat,0.736
0.869,1,treat,0.738
0.87,1,treat,0.74
0.871,1,treat,0.742
0.872,1,treat,0.744
0.873,1,treat,0.746
0.874,1,treat,0.748
0.875,1,treat,0.75
0.876,1,treat,0.752
0.877,1,treat,0.754
0.878,1,treat,0.756
0.879,1,treat,0.758
0.88,1,treat,0.76
0.881,1,treat,0.762
0.882,1,treat,0.764
0.883,1,treat,0.766
0.884,1,treat,0.768
0.885,1,treat,0.77
0.886,1,treat,0.772
0.887,1,treat,0.774
0.888,1,treat,0.776
0.889,1,treat,0.778
0.89,1,treat,0.78
0.891,1,treat,0.782
0.892,1,treat,0.784
0.893,1,treat,0.786
0.894,1,treat,0.788
0.895,1,treat,0.79
0.896,1,treat,0.792
0.897,1,treat,0.794
0.898,1,treat,0.796
0.899,1,treat,0.798
0.9,1,treat,0.8
0.901,1,treat,0.802
0.902,1,treat,0.804
0.903,1,treat,0.806
0.904,1,treat,0.808
0.905,1,treat,0.81
0.906,1,treat,0.812
0.907,1,treat,0.8140000000000001
0.908,1,treat,0.8160000000000001
0.909,1,treat,0.8180000000000001
0.91,1,treat,0.8200000000000001
0.911,1,treat,0.8220000000000001
0.912,1,treat,0.8240000000000001
0.913,1,treat,0.8260000000000001
0.914,1,treat,0.8280000000000001
0.915,1,treat,0.8300000000000001
0.916,1,treat,0.8320000000000001
0.917,1,treat,0.8340000000000001
0.918,1,treat,0.8360000000000001
0.919,1,treat,0.8380000000000001
0.92,1,treat,0.8400000000000001
0.921,1,treat,0.8420000000000001
0.922,1,treat,0.8440000000000001
0.923,1,treat,0.8460000000000001
0.924,1,treat,0.8480000000000001
0.925,1,treat,0.8500000000000001
0.926,1,treat,0.8520000000000001
0.927,1,treat,0.8540000000000001
0.928,1,treat,0.8560000000000001
0.929,1,treat,0.8580000000000001
0.93,1,treat,0.8600000000000001
0.931,1,treat,0.8620000000000001
0.932,1,treat,0.8640000000000001
0.933,1,treat,0.8660000000000001
0.934,1,treat,0.8680000000000001
0.935,1,treat,0.8700000000000001
0.936,1,treat,0.8720000000000001
0.937,1,treat,0.8740000000000001
0.9380000000000001,1,treat,0.8760000000000001
0.9390000000000001,1,treat,0.8780000000000001
0.9400000000000001,1,treat,0.8800000000000001
0.9410000000000001,1,treat,0.8820000000000001
0.9420000000000001,1,treat,0.8840000000000001
0.9430000000000001,1,treat,0.8860000000000001
0.9440000000000001,1,treat,0.8880000000000001
0.9450000000000001,1,treat,0.8900000000000001
0.9460000000000001,1,treat,0.8920000000000001
0.9470000000000001,1,treat,0.8940000000000001
0.9480000000000001,1,treat,0.8960000000000001
0.9490000000000001,1,treat,0.8980000000000001
0.9500000000000001,1,treat,0.9000000000000001
0.9510000000000001,1,treat,0.9020000000000001
0.9520000000000001,1,treat,0.9040000000000001
0.9530000000000001,1,treat,0.9060000000000001
0.9540000000000001,1,treat,0.9080000000000001
0.9550000000000001,1,treat,0.9100000000000001
0.9560000000000001,1,treat,0.9120000000000001
0.9570000000000001,1,treat,0.9140000000000001
0.9580000000000001,1,treat,0.9160000000000001
0.9590000000000001,1,treat,0.9180000000000001
0.96,1,treat,0.9199999999999999
0.961,1,treat,0.9219999999999999
0.962,1,treat,0.9239999999999999
0.963,1,treat,0.9259999999999999
0.964,1,treat,0.9279999999999999
0.965,1,treat,0.9299999999999999
0.966,1,treat,0.9319999999999999
0.967,1,treat,0.9339999999999999
0.968,1,treat,0.9359999999999999
0.969,1,treat,0.938
0.97,1,treat,0.94
0.971,1,treat,0.942
0.972,1,treat,0.944
0.973,1,treat,0.946
0.974,1,treat,0.948
0.975,1,treat,0.95
0.976,1,treat,0.952
0.977,1,treat,0.954
0.978,1,treat,0.956
0.979,1,treat,0.958
0.98,1,treat,0.96
0.981,1,treat,0.962
0.982,1,treat,0.964
0.983,1,treat,0.966
0.984,1,treat,0.968
0.985,1,treat,0.97
0.986,1,treat,0.972
0.987,1,treat,0.974
0.988,1,treat,0.976
0.989,1,treat,0.978
0.99,1,treat,0.98
0.991,1,treat,0.982
0.992,1,treat,0.984
0.993,1,treat,0.986
0.994,1,treat,0.988
0.995,1,treat,0.99
0.996,1,treat,0.992
0.997,1,treat,0.994
0.998,1,treat,0.996
0.999,1,treat,0.998
1.0,1,treat,1.0
